"Date","Price","Open","High","Low","Vol.","Change %"
"Oct 30, 2020","928.90","930.88","932.10","919.76","112.89M","-0.63%"
"Oct 29, 2020","934.83","934.78","939.48","926.36","101.86M","0.42%"
"Oct 28, 2020","930.90","944.45","944.45","930.23","147.62M","-2.50%"
"Oct 27, 2020","954.81","959.93","960.71","953.49","107.18M","-0.53%"
"Oct 26, 2020","959.91","966.43","967.16","954.08","115.59M","-1.30%"
"Oct 23, 2020","972.54","972.23","973.84","967.95","100.57M","0.21%"
"Oct 22, 2020","970.52","966.48","971.68","962.61","107.29M","0.40%"
"Oct 21, 2020","966.63","968.80","972.48","965.42","98.33M","-0.50%"
"Oct 20, 2020","971.53","977.19","977.96","969.81","119.45M","-0.07%"
"Oct 19, 2020","972.22","985.23","985.23","971.43","119.06M","-1.06%"
"Oct 16, 2020","982.67","988.47","990.17","982.56","88.06M","-0.40%"
"Oct 15, 2020","986.63","975.23","987.75","974.15","89.83M","0.27%"
"Oct 14, 2020","983.99","990.27","991.73","983.10","135.58M","-0.39%"
"Oct 13, 2020","987.83","991.41","991.41","984.25","121.89M","-0.31%"
"Oct 09, 2020","990.95","993.32","995.09","988.62","101.70M","-0.03%"
"Oct 08, 2020","991.28","988.76","991.62","988.44","122.59M","0.55%"
"Oct 07, 2020","985.81","980.04","986.57","979.10","108.88M","1.32%"
"Oct 06, 2020","973.01","985.78","986.13","971.21","134.01M","-1.06%"
"Oct 05, 2020","983.40","975.02","984.11","973.72","129.90M","1.24%"
"Oct 02, 2020","971.32","959.85","972.39","958.76","100.44M","0.19%"
"Oct 01, 2020","969.49","971.21","972.43","965.84","118.59M","0.23%"
"Sep 30, 2020","967.27","975.07","977.66","965.48","148.29M","-0.67%"
"Sep 29, 2020","973.77","975.65","975.65","969.26","82.44M","-0.29%"
"Sep 28, 2020","976.60","976.72","979.74","973.34","133.62M","1.08%"
"Sep 25, 2020","966.18","954.44","967.50","951.84","94.09M","1.04%"
"Sep 24, 2020","956.22","949.05","961.19","946.14","92.05M","0.57%"
"Sep 23, 2020","950.82","971.38","972.26","950.59","107.51M","-1.75%"
"Sep 22, 2020","967.76","961.97","970.22","958.85","107.56M","1.05%"
"Sep 21, 2020","957.71","955.36","957.71","943.59","148.84M","-1.08%"
"Sep 18, 2020","968.21","973.24","974.53","966.55","293.52M","-0.22%"
"Sep 17, 2020","970.37","964.35","974.01","962.62","110.63M","-0.35%"
"Sep 16, 2020","973.79","987.06","987.50","973.79","102.28M","-1.00%"
"Sep 15, 2020","983.64","986.94","989.20","982.20","110.30M","0.36%"
"Sep 14, 2020","980.14","979.26","981.70","977.51","124.04M","0.65%"
"Sep 11, 2020","973.83","974.96","979.23","968.48","96.51M","0.32%"
"Sep 10, 2020","970.76","985.97","985.97","968.72","110.50M","-1.27%"
"Sep 09, 2020","983.24","975.37","986.51","975.37","127.95M","1.83%"
"Sep 08, 2020","965.57","964.10","972.71","957.82","174.22M","-0.71%"
"Sep 04, 2020","972.50","988.66","991.00","965.52","146.66M","-1.48%"
"Sep 03, 2020","987.07","1,001.07","1,004.07","983.13","104.22M","-1.51%"
"Sep 02, 2020","1,002.17","1,003.28","1,004.75","999.81","116.26M","0.39%"
"Sep 01, 2020","998.29","990.83","998.29","986.48","104.89M","0.78%"
"Aug 31, 2020","990.52","1,000.59","1,000.59","989.39","129.07M","-1.17%"
"Aug 28, 2020","1,002.28","1,008.50","1,008.58","1,001.17","109.52M","-0.35%"
"Aug 27, 2020","1,005.78","1,011.02","1,012.36","1,001.00","93.60M","-0.35%"
"Aug 26, 2020","1,009.30","1,000.53","1,009.52","998.52","87.81M","1.10%"
"Aug 25, 2020","998.34","999.67","999.67","992.81","80.77M","0.06%"
"Aug 24, 2020","997.79","998.03","998.79","994.36","101.67M","0.69%"
"Aug 21, 2020","990.99","992.32","992.32","988.05","93.76M","-0.48%"
"Aug 20, 2020","995.77","990.41","996.88","988.97","103.94M","0.17%"
"Aug 19, 2020","994.06","995.98","999.19","993.17","117.92M","-0.24%"
"Aug 18, 2020","996.50","1,000.57","1,001.13","993.80","73.89M","-0.17%"
"Aug 17, 2020","998.16","996.98","998.88","994.98","99.36M","0.79%"
"Aug 14, 2020","990.34","987.05","992.04","986.78","81.22M","-0.06%"
"Aug 13, 2020","990.98","993.28","994.28","987.44","86.70M","-0.45%"
"Aug 12, 2020","995.48","1,000.05","1,002.65","994.95","110.04M","0.44%"
"Aug 11, 2020","991.09","995.25","999.30","990.48","130.53M","-0.40%"
"Aug 10, 2020","995.10","994.27","997.28","989.87","117.43M","0.40%"
"Aug 07, 2020","991.10","990.97","992.78","987.55","86.49M","-0.17%"
"Aug 06, 2020","992.83","990.29","994.14","987.90","109.95M","0.43%"
"Aug 05, 2020","988.62","985.49","988.90","984.83","109.70M","0.79%"
"Aug 04, 2020","980.88","968.45","981.92","968.45","116.98M","1.26%"
"Jul 31, 2020","968.67","976.65","976.65","961.44","106.45M","-0.99%"
"Jul 30, 2020","978.31","966.70","978.31","960.33","85.38M","0.12%"
"Jul 29, 2020","977.15","975.63","978.63","969.99","80.41M","1.19%"
"Jul 28, 2020","965.65","968.16","970.13","964.22","93.45M","-0.35%"
"Jul 27, 2020","969.04","963.71","969.26","959.68","88.65M","0.94%"
"Jul 24, 2020","960.06","958.75","960.74","955.73","89.56M","-0.16%"
"Jul 23, 2020","961.57","971.87","971.87","959.12","103.88M","-0.96%"
"Jul 22, 2020","970.92","971.63","972.44","967.31","92.50M","-0.06%"
"Jul 21, 2020","971.50","979.39","981.06","970.97","106.34M","-0.16%"
"Jul 20, 2020","973.04","968.86","974.28","968.86","120.43M","0.31%"
"Jul 17, 2020","970.07","968.65","971.47","963.72","83.79M","0.54%"
"Jul 16, 2020","964.87","960.16","967.50","959.69","90.76M","-0.12%"
"Jul 15, 2020","966.01","963.68","971.72","961.44","129.14M","0.80%"
"Jul 14, 2020","958.31","941.44","959.52","938.59","128.68M","1.76%"
"Jul 13, 2020","941.72","948.96","955.81","940.59","117.54M","-0.38%"
"Jul 10, 2020","945.35","936.48","945.62","934.58","111.97M","1.03%"
"Jul 09, 2020","935.68","939.10","939.75","924.93","103.51M","-0.37%"
"Jul 08, 2020","939.19","939.83","943.82","933.14","107.69M","0.16%"
"Jul 07, 2020","937.72","938.53","945.79","936.89","93.00M","-0.48%"
"Jul 06, 2020","942.24","949.72","951.25","941.19","139.49M","0.31%"
"Jul 03, 2020","939.35","940.10","941.18","936.92","28.22M","-0.16%"
"Jul 02, 2020","940.86","946.63","954.77","940.19","108.38M","0.71%"
"Jun 30, 2020","934.21","925.68","937.45","924.12","120.30M","0.60%"
"Jun 29, 2020","928.60","919.91","930.85","916.15","113.85M","1.41%"
"Jun 26, 2020","915.65","929.45","929.94","914.24","156.15M","-1.78%"
"Jun 25, 2020","932.27","917.34","932.63","914.94","102.53M","1.14%"
"Jun 24, 2020","921.79","933.26","933.26","913.01","128.23M","-1.68%"
"Jun 23, 2020","937.54","944.79","944.99","935.20","107.34M","0.24%"
"Jun 22, 2020","935.25","933.73","936.10","929.78","144.44M","0.20%"
"Jun 19, 2020","933.38","944.68","944.68","931.73","572.16M","-0.16%"
"Jun 18, 2020","934.92","927.88","937.86","925.87","110.52M","0.44%"
"Jun 17, 2020","930.87","939.43","939.43","930.11","115.90M","-0.55%"
"Jun 16, 2020","936.00","945.71","946.53","931.75","142.92M","1.08%"
"Jun 15, 2020","925.96","907.59","931.20","902.25","142.00M","0.64%"
"Jun 12, 2020","920.06","929.43","930.38","911.46","162.74M","1.25%"
"Jun 11, 2020","908.66","925.76","929.23","906.30","168.99M","-3.95%"
"Jun 10, 2020","946.07","956.50","956.50","941.76","168.86M","-0.86%"
"Jun 09, 2020","954.25","956.09","958.98","949.85","180.98M","-0.77%"
"Jun 08, 2020","961.68","962.90","963.58","954.63","203.68M","0.51%"
"Jun 05, 2020","956.81","952.93","958.52","951.89","167.31M","2.15%"
"Jun 04, 2020","936.71","941.42","945.07","935.08","147.05M","-0.53%"
"Jun 03, 2020","941.72","940.29","945.57","939.66","173.99M","1.08%"
"Jun 02, 2020","931.70","923.91","931.81","923.62","125.46M","1.30%"
"Jun 01, 2020","919.77","916.18","922.44","915.30","118.64M","0.28%"
"May 29, 2020","917.17","921.55","922.34","911.24","357.62M","-0.65%"
"May 28, 2020","923.16","927.57","928.61","921.50","160.38M","-0.16%"
"May 27, 2020","924.65","917.96","924.65","904.82","157.83M","0.98%"
"May 26, 2020","915.67","915.76","917.62","911.89","144.10M","0.53%"
"May 25, 2020","910.80","905.95","911.59","904.94","45.18M","1.14%"
"May 22, 2020","900.53","901.14","902.23","895.12","116.99M","0.24%"
"May 21, 2020","898.39","906.16","906.29","893.06","151.29M","-0.85%"
"May 20, 2020","906.09","908.99","910.63","905.07","138.06M","0.79%"
"May 19, 2020","899.03","902.24","904.28","895.01","166.97M","1.37%"
"May 15, 2020","886.85","880.46","888.83","876.97","120.88M","0.64%"
"May 14, 2020","881.22","872.68","884.02","862.56","156.36M","-0.09%"
"May 13, 2020","882.04","905.12","905.12","876.81","142.62M","-2.44%"
"May 12, 2020","904.10","920.57","922.18","904.10","144.67M","-1.39%"
"May 11, 2020","916.89","901.27","917.96","900.17","129.45M","1.25%"
"May 08, 2020","905.55","905.17","906.97","901.33","159.78M","0.90%"
"May 07, 2020","897.50","906.53","910.18","896.22","176.02M","-0.14%"
"May 06, 2020","898.73","899.36","903.19","893.55","162.01M","0.19%"
"May 05, 2020","896.99","902.18","904.59","893.93","145.47M","0.44%"
"May 04, 2020","893.10","880.17","893.10","877.58","150.28M","1.18%"
"May 01, 2020","882.65","878.93","885.40","877.20","144.04M","-1.01%"
"Apr 30, 2020","891.63","912.56","912.56","891.63","193.28M","-3.11%"
"Apr 29, 2020","920.28","906.87","922.16","905.80","169.69M","2.92%"
"Apr 28, 2020","894.17","892.09","897.91","886.30","142.06M","1.09%"
"Apr 27, 2020","884.53","877.44","885.21","871.56","129.92M","1.30%"
"Apr 24, 2020","873.14","867.16","873.95","862.33","134.79M","1.30%"
"Apr 23, 2020","861.97","868.54","873.28","861.54","137.13M","-0.46%"
"Apr 22, 2020","865.91","861.44","866.92","854.42","125.72M","2.52%"
"Apr 21, 2020","844.63","855.47","867.19","844.63","160.10M","-3.14%"
"Apr 20, 2020","871.98","857.45","880.86","853.75","154.67M","0.01%"
"Apr 17, 2020","871.85","853.47","872.26","853.47","172.35M","3.45%"
"Apr 16, 2020","842.76","850.66","853.13","841.26","134.97M","-0.50%"
"Apr 15, 2020","847.02","849.88","854.19","843.01","132.37M","-2.02%"
"Apr 14, 2020","864.47","863.49","873.53","855.02","152.87M","1.30%"
"Apr 13, 2020","853.35","861.00","861.14","843.99","145.76M","-0.71%"
"Apr 09, 2020","859.44","854.38","869.09","850.48","198.54M","1.49%"
"Apr 08, 2020","846.79","837.56","849.55","827.67","185.33M","1.95%"
"Apr 07, 2020","830.58","852.58","858.53","828.12","193.28M","-0.11%"
"Apr 06, 2020","831.47","818.81","832.53","814.60","200.50M","4.96%"
"Apr 03, 2020","792.20","801.03","805.73","785.21","165.76M","-1.08%"
"Apr 02, 2020","800.81","792.55","809.82","789.07","228.96M","1.63%"
"Apr 01, 2020","787.95","794.04","805.00","784.15","192.23M","-3.90%"
"Mar 31, 2020","819.89","801.13","829.19","801.13","272.60M","2.67%"
"Mar 30, 2020","798.60","779.44","799.27","766.11","189.15M","3.43%"
"Mar 27, 2020","772.12","789.57","790.56","768.29","223.74M","-5.40%"
"Mar 26, 2020","816.23","802.48","829.69","801.00","211.61M","1.70%"
"Mar 25, 2020","802.55","773.36","838.20","766.26","269.54M","3.90%"
"Mar 24, 2020","772.42","728.86","773.22","722.87","240.55M","12.39%"
"Mar 23, 2020","687.27","719.88","727.37","683.81","242.23M","-4.81%"
"Mar 20, 2020","721.98","750.18","772.31","719.23","405.82M","-2.70%"
"Mar 19, 2020","742.03","711.32","748.93","694.42","253.14M","3.82%"
"Mar 18, 2020","714.74","738.62","758.16","694.77","286.49M","-6.88%"
"Mar 17, 2020","767.52","756.71","796.18","745.04","308.72M","2.91%"
"Mar 16, 2020","745.79","761.55","776.04","716.94","272.73M","-10.01%"
"Mar 13, 2020","828.77","789.28","828.77","756.91","349.37M","10.84%"
"Mar 12, 2020","747.75","814.90","814.90","744.14","374.37M","-12.51%"
"Mar 11, 2020","854.67","873.31","878.15","849.37","242.21M","-4.36%"
"Mar 10, 2020","893.62","894.80","896.70","863.33","302.83M","3.51%"
"Mar 09, 2020","863.33","908.30","910.30","862.24","288.90M","-10.59%"
"Mar 06, 2020","965.55","966.89","970.50","955.83","196.76M","-2.21%"
"Mar 05, 2020","987.40","985.95","995.69","981.49","170.60M","-1.37%"
"Mar 04, 2020","1,001.16","993.97","1,001.16","986.20","143.88M","2.22%"
"Mar 03, 2020","979.43","996.11","1,002.15","977.47","199.79M","-0.96%"
"Mar 02, 2020","988.97","975.89","989.81","965.69","199.71M","1.73%"
"Feb 28, 2020","972.15","966.68","973.07","949.97","315.86M","-2.56%"
"Feb 27, 2020","997.73","1,002.32","1,003.57","982.18","102.50M","-1.81%"
"Feb 26, 2020","1,016.17","1,022.54","1,031.66","1,015.54","159.24M","-0.74%"
"Feb 25, 2020","1,023.72","1,046.34","1,047.80","1,020.10","156.23M","-2.13%"
"Feb 24, 2020","1,046.04","1,046.85","1,048.39","1,039.67","143.18M","-1.58%"
"Feb 21, 2020","1,062.86","1,068.72","1,069.85","1,061.45","142.20M","-0.60%"
"Feb 20, 2020","1,069.29","1,067.31","1,070.48","1,063.58","127.89M","0.09%"
"Feb 19, 2020","1,068.28","1,065.98","1,069.04","1,063.80","112.23M","0.38%"
"Feb 18, 2020","1,064.28","1,062.75","1,065.67","1,061.61","180.63M","-0.06%"
"Feb 14, 2020","1,064.88","1,062.47","1,064.88","1,061.95","108.78M","0.12%"
"Feb 13, 2020","1,063.57","1,059.96","1,064.21","1,058.99","152.13M","-0.10%"
"Feb 12, 2020","1,064.59","1,067.31","1,067.34","1,063.79","122.84M","0.39%"
"Feb 11, 2020","1,060.47","1,061.31","1,063.29","1,060.12","96.06M","0.15%"
"Feb 10, 2020","1,058.92","1,052.59","1,059.09","1,052.59","97.34M","0.56%"
"Feb 07, 2020","1,053.03","1,055.47","1,056.46","1,051.57","96.76M","-0.53%"
"Feb 06, 2020","1,058.65","1,054.54","1,058.65","1,053.06","99.94M","0.59%"
"Feb 05, 2020","1,052.46","1,052.31","1,053.83","1,049.17","113.02M","0.70%"
"Feb 04, 2020","1,045.18","1,044.46","1,047.57","1,043.55","120.88M","0.89%"
"Feb 03, 2020","1,036.00","1,035.47","1,040.82","1,035.47","89.03M","0.29%"
"Jan 31, 2020","1,032.97","1,041.18","1,041.72","1,030.05","100.15M","-1.10%"
"Jan 30, 2020","1,044.44","1,039.54","1,045.28","1,037.45","81.32M","-0.04%"
"Jan 29, 2020","1,044.82","1,047.93","1,048.58","1,044.70","79.51M","-0.03%"
"Jan 28, 2020","1,045.14","1,043.36","1,046.30","1,041.78","98.51M","0.38%"
"Jan 27, 2020","1,041.19","1,036.95","1,042.84","1,035.52","99.35M","-0.65%"
"Jan 24, 2020","1,047.97","1,051.96","1,053.07","1,044.84","86.35M","-0.35%"
"Jan 23, 2020","1,051.69","1,047.80","1,051.69","1,046.40","186.67M","0.22%"
"Jan 22, 2020","1,049.41","1,047.10","1,053.75","1,046.05","104.01M","0.22%"
"Jan 21, 2020","1,047.14","1,046.07","1,048.38","1,045.38","121.52M","-0.13%"
"Jan 20, 2020","1,048.50","1,045.17","1,049.88","1,044.46","62.34M","0.23%"
"Jan 17, 2020","1,046.06","1,042.66","1,046.65","1,042.37","112.97M","0.45%"
"Jan 16, 2020","1,041.37","1,038.89","1,041.75","1,038.39","140.02M","0.41%"
"Jan 15, 2020","1,037.11","1,034.28","1,037.57","1,032.80","81.96M","0.35%"
"Jan 14, 2020","1,033.48","1,029.79","1,033.95","1,029.37","110.43M","0.33%"
"Jan 13, 2020","1,030.12","1,025.95","1,030.59","1,023.90","123.57M","0.43%"
"Jan 10, 2020","1,025.66","1,025.57","1,027.30","1,023.13","90.20M","-0.10%"
"Jan 09, 2020","1,026.72","1,025.65","1,028.27","1,025.21","99.54M","0.37%"
"Jan 08, 2020","1,022.96","1,021.74","1,026.72","1,021.74","116.91M","0.16%"
"Jan 07, 2020","1,021.30","1,019.30","1,022.79","1,018.76","80.86M","0.30%"
"Jan 06, 2020","1,018.26","1,013.55","1,018.26","1,013.55","88.73M","0.26%"
"Jan 03, 2020","1,015.65","1,014.73","1,017.75","1,013.14","86.82M","-0.25%"
"Jan 02, 2020","1,018.24","1,018.98","1,021.06","1,014.88","66.02M","0.33%"
"Dec 31, 2019","1,014.92","1,013.93","1,016.11","1,012.07","56.43M","-0.21%"
"Dec 30, 2019","1,017.07","1,021.74","1,021.74","1,015.01","54.59M","-0.48%"
"Dec 27, 2019","1,022.01","1,024.84","1,026.03","1,020.29","55.67M","-0.07%"
"Dec 24, 2019","1,022.77","1,020.29","1,022.77","1,017.52","33.56M","0.24%"
"Dec 23, 2019","1,020.33","1,022.99","1,023.90","1,018.87","70.51M","-0.07%"
"Dec 20, 2019","1,021.01","1,018.22","1,024.20","1,018.22","247.33M","0.37%"
"Dec 19, 2019","1,017.27","1,015.99","1,018.63","1,014.79","97.40M","0.17%"
"Dec 18, 2019","1,015.58","1,017.01","1,017.37","1,013.66","127.77M","-0.31%"
"Dec 17, 2019","1,018.78","1,018.28","1,019.73","1,015.80","87.37M","0.08%"
"Dec 16, 2019","1,017.96","1,018.13","1,020.50","1,016.83","84.54M","0.24%"
"Dec 13, 2019","1,015.49","1,013.21","1,017.95","1,011.08","136.80M","0.25%"
"Dec 12, 2019","1,012.93","1,011.77","1,017.59","1,011.51","117.33M","0.15%"
"Dec 11, 2019","1,011.37","1,012.61","1,015.05","1,009.47","85.77M","-0.00%"
"Dec 10, 2019","1,011.40","1,011.08","1,012.51","1,008.18","85.90M","-0.00%"
"Dec 09, 2019","1,011.42","1,014.37","1,015.65","1,010.74","90.41M","-0.36%"
"Dec 06, 2019","1,015.09","1,011.03","1,016.46","1,010.39","91.32M","1.02%"
"Dec 05, 2019","1,004.87","1,008.00","1,008.00","1,002.48","121.31M","-0.41%"
"Dec 04, 2019","1,009.00","1,009.91","1,013.33","1,008.75","95.56M","0.00%"
"Dec 03, 2019","1,008.96","1,009.79","1,010.25","1,006.67","116.70M","-0.61%"
"Dec 02, 2019","1,015.14","1,020.19","1,020.25","1,011.52","94.84M","-0.34%"
"Nov 29, 2019","1,018.62","1,022.74","1,024.10","1,018.62","66.30M","-0.49%"
"Nov 28, 2019","1,023.67","1,022.04","1,024.47","1,021.39","25.21M","0.07%"
"Nov 27, 2019","1,022.95","1,020.23","1,023.25","1,018.16","73.82M","0.37%"
"Nov 26, 2019","1,019.15","1,018.30","1,020.09","1,015.24","133.38M","-0.01%"
"Nov 25, 2019","1,019.30","1,016.18","1,020.17","1,015.67","110.80M","0.48%"
"Nov 22, 2019","1,014.48","1,018.31","1,018.31","1,013.47","81.15M","-0.30%"
"Nov 21, 2019","1,017.57","1,018.59","1,018.59","1,013.81","95.85M","-0.02%"
"Nov 20, 2019","1,017.79","1,017.75","1,020.30","1,014.89","112.63M","-0.12%"
"Nov 19, 2019","1,019.05","1,020.64","1,020.64","1,015.37","96.98M","-0.04%"
"Nov 18, 2019","1,019.47","1,018.03","1,019.50","1,017.31","71.88M","-0.04%"
"Nov 15, 2019","1,019.86","1,016.62","1,019.86","1,016.02","76.00M","0.41%"
"Nov 14, 2019","1,015.68","1,016.02","1,017.22","1,013.48","73.30M","-0.03%"
"Nov 13, 2019","1,016.03","1,011.92","1,017.91","1,010.98","88.97M","0.30%"
"Nov 12, 2019","1,012.97","1,012.42","1,014.41","1,011.03","117.46M","0.19%"
"Nov 11, 2019","1,011.04","1,008.12","1,011.89","1,007.21","66.13M","0.05%"
"Nov 08, 2019","1,010.54","1,005.34","1,010.66","1,005.34","94.45M","0.49%"
"Nov 07, 2019","1,005.61","1,004.61","1,007.17","1,004.19","116.73M","0.40%"
"Nov 06, 2019","1,001.56","998.91","1,002.86","997.33","99.01M","0.33%"
"Nov 05, 2019","998.31","997.18","999.43","996.70","114.65M","0.08%"
"Nov 04, 2019","997.56","996.44","998.33","995.80","138.34M","0.46%"
"Nov 01, 2019","992.95","989.93","994.16","989.43","104.41M","0.67%"
"Oct 31, 2019","986.33","987.26","987.26","981.53","113.78M","-0.28%"
"Oct 30, 2019","989.12","982.84","989.12","980.09","75.43M","0.62%"
"Oct 29, 2019","983.07","977.58","985.51","976.98","86.16M","0.17%"
"Oct 28, 2019","981.39","983.43","984.68","981.39","75.93M","-0.02%"
"Oct 25, 2019","981.54","978.73","982.79","977.83","73.83M","0.23%"
"Oct 24, 2019","979.32","979.75","981.93","976.83","75.69M","0.24%"
"Oct 23, 2019","976.96","980.72","981.39","975.31","87.61M","-0.42%"
"Oct 22, 2019","981.11","986.48","987.36","981.11","83.48M","-0.19%"
"Oct 21, 2019","982.93","982.85","984.24","982.39","70.50M","0.29%"
"Oct 18, 2019","980.04","984.37","985.47","980.01","78.72M","-0.28%"
"Oct 17, 2019","982.75","985.07","985.88","980.88","73.02M","-0.13%"
"Oct 16, 2019","983.98","984.44","985.26","982.57","77.67M","0.05%"
"Oct 15, 2019","983.45","984.00","989.60","983.45","104.17M","0.08%"
"Oct 11, 2019","982.65","986.97","989.45","982.54","91.76M","0.02%"
"Oct 10, 2019","982.49","979.05","984.26","978.41","86.89M","0.32%"
"Oct 09, 2019","979.34","976.19","981.24","973.81","92.57M","0.67%"
"Oct 08, 2019","972.82","977.45","978.13","972.16","95.77M","-0.87%"
"Oct 07, 2019","981.34","981.35","984.44","979.79","76.21M","-0.17%"
"Oct 04, 2019","983.06","979.29","983.33","977.39","90.63M","0.50%"
"Oct 03, 2019","978.16","973.86","978.20","967.83","123.41M","0.29%"
"Oct 02, 2019","975.34","981.15","982.33","969.87","107.39M","-0.98%"
"Oct 01, 2019","985.03","999.69","1,001.26","983.89","111.98M","-1.29%"
"Sep 30, 2019","997.93","997.81","1,001.83","997.81","99.07M","-0.12%"
"Sep 27, 2019","999.15","1,003.72","1,003.72","996.30","95.89M","-0.49%"
"Sep 26, 2019","1,004.10","1,003.68","1,004.54","1,001.05","98.28M","0.05%"
"Sep 25, 2019","1,003.58","1,002.45","1,004.51","999.38","94.13M","-0.02%"
"Sep 24, 2019","1,003.77","1,009.04","1,011.98","1,001.75","106.54M","-0.43%"
"Sep 23, 2019","1,008.12","1,009.06","1,009.97","1,006.93","81.65M","-0.31%"
"Sep 20, 2019","1,011.25","1,012.14","1,015.35","1,009.32","228.08M","0.19%"
"Sep 19, 2019","1,009.36","1,007.50","1,012.96","1,007.50","108.57M","0.36%"
"Sep 18, 2019","1,005.77","1,006.42","1,008.47","1,001.85","113.48M","-0.11%"
"Sep 17, 2019","1,006.85","1,001.00","1,008.58","1,000.13","112.29M","0.50%"
"Sep 16, 2019","1,001.88","998.96","1,003.34","998.64","138.03M","0.33%"
"Sep 13, 2019","998.54","998.27","1,003.35","998.27","114.61M","0.24%"
"Sep 12, 2019","996.14","993.80","999.33","991.18","142.03M","0.32%"
"Sep 11, 2019","992.96","989.84","993.92","988.66","105.78M","0.49%"
"Sep 10, 2019","988.09","983.32","988.09","982.91","121.24M","0.30%"
"Sep 09, 2019","985.16","989.50","989.70","982.92","111.49M","-0.29%"
"Sep 06, 2019","987.99","988.33","990.03","986.59","84.46M","-0.24%"
"Sep 05, 2019","990.35","985.03","992.73","984.93","129.13M","0.93%"
"Sep 04, 2019","981.23","984.84","988.85","980.42","104.48M","0.22%"
"Sep 03, 2019","979.11","978.36","981.65","974.83","110.09M","-0.34%"
"Aug 30, 2019","982.45","982.47","983.48","978.10","88.11M","0.33%"
"Aug 29, 2019","979.20","977.27","981.01","975.71","86.41M","0.86%"
"Aug 28, 2019","970.82","965.79","972.45","964.67","83.20M","0.49%"
"Aug 27, 2019","966.07","964.01","966.91","962.13","112.85M","0.44%"
"Aug 26, 2019","961.86","962.67","965.39","959.88","76.08M","0.54%"
"Aug 23, 2019","956.68","968.51","974.13","954.36","105.10M","-1.48%"
"Aug 22, 2019","971.09","974.39","975.81","969.64","67.95M","-0.29%"
"Aug 21, 2019","973.95","969.63","973.95","969.04","92.97M","0.70%"
"Aug 20, 2019","967.18","972.69","972.69","966.15","78.00M","-0.73%"
"Aug 19, 2019","974.30","970.00","975.51","968.52","83.80M","0.96%"
"Aug 16, 2019","965.02","959.88","965.60","959.22","73.82M","0.96%"
"Aug 15, 2019","955.84","956.83","959.17","952.47","94.97M","-0.18%"
"Aug 14, 2019","957.56","967.41","970.96","956.15","104.72M","-1.95%"
"Aug 13, 2019","976.59","967.98","978.30","967.98","98.72M","0.82%"
"Aug 12, 2019","968.61","971.48","974.43","966.56","80.88M","-0.59%"
"Aug 09, 2019","974.34","975.65","978.81","971.61","98.19M","-0.35%"
"Aug 08, 2019","977.76","971.96","978.99","971.38","104.71M","0.86%"
"Aug 07, 2019","969.46","956.94","970.75","955.07","121.98M","0.85%"
"Aug 06, 2019","961.31","958.02","962.79","950.89","166.99M","-0.84%"
"Aug 02, 2019","969.49","975.78","977.47","965.06","120.19M","-0.75%"
"Aug 01, 2019","976.79","979.44","986.29","976.07","156.41M","-0.30%"
"Jul 31, 2019","979.73","981.02","982.52","971.72","124.85M","-0.27%"
"Jul 30, 2019","982.35","980.89","983.70","980.07","81.96M","-0.26%"
"Jul 29, 2019","984.88","988.76","988.76","984.21","85.57M","-0.28%"
"Jul 26, 2019","987.67","987.59","989.45","986.74","67.49M","0.29%"
"Jul 25, 2019","984.85","992.38","992.38","982.83","102.91M","-0.73%"
"Jul 24, 2019","992.12","987.54","993.05","987.16","75.74M","0.19%"
"Jul 23, 2019","990.28","991.36","991.96","988.21","63.33M","0.35%"
"Jul 22, 2019","986.83","985.42","987.59","985.42","59.04M","0.27%"
"Jul 19, 2019","984.15","988.12","989.84","984.09","67.32M","-0.09%"
"Jul 18, 2019","985.07","983.32","986.21","982.17","88.84M","0.06%"
"Jul 17, 2019","984.45","986.82","988.45","983.82","73.67M","-0.22%"
"Jul 16, 2019","986.62","985.30","987.59","983.95","76.25M","-0.00%"
"Jul 15, 2019","986.66","987.25","987.97","984.42","59.38M","0.06%"
"Jul 12, 2019","986.02","989.16","989.34","985.24","79.09M","-0.35%"
"Jul 11, 2019","989.48","990.69","991.52","988.73","86.21M","-0.13%"
"Jul 10, 2019","990.76","993.25","997.38","988.40","84.25M","-0.05%"
"Jul 09, 2019","991.27","983.52","991.27","982.31","79.17M","0.63%"
"Jul 08, 2019","985.05","985.10","986.99","984.38","94.06M","-0.47%"
"Jul 05, 2019","989.73","989.50","990.21","985.50","68.92M","-0.31%"
"Jul 04, 2019","992.84","992.26","993.58","990.82","28.05M","0.04%"
"Jul 03, 2019","992.46","986.19","992.63","985.86","66.44M","0.71%"
"Jul 02, 2019","985.45","985.93","985.93","980.83","83.42M","0.60%"
"Jun 28, 2019","979.60","976.18","979.60","974.52","109.40M","0.47%"
"Jun 27, 2019","975.06","974.64","975.85","972.74","82.99M","0.02%"
"Jun 26, 2019","974.89","980.52","980.52","974.36","97.44M","-0.39%"
"Jun 25, 2019","978.66","986.82","987.47","978.66","101.27M","-0.97%"
"Jun 24, 2019","988.24","988.61","990.21","987.69","99.98M","-0.05%"
"Jun 21, 2019","988.75","991.13","991.45","987.63","262.62M","-0.33%"
"Jun 20, 2019","992.05","992.18","993.87","989.49","95.93M","0.33%"
"Jun 19, 2019","988.79","989.24","989.80","987.85","85.60M","0.06%"
"Jun 18, 2019","988.16","985.40","989.83","984.92","106.05M","0.92%"
"Jun 17, 2019","979.17","976.62","979.71","975.51","87.99M","0.24%"
"Jun 14, 2019","976.82","971.17","978.30","969.06","77.69M","0.44%"
"Jun 13, 2019","972.55","974.87","975.12","970.86","86.96M","-0.04%"
"Jun 12, 2019","972.90","970.90","974.40","970.90","94.58M","-0.13%"
"Jun 11, 2019","974.13","977.34","977.94","972.87","88.40M","0.17%"
"Jun 10, 2019","972.46","973.56","975.30","971.62","81.62M","-0.10%"
"Jun 07, 2019","973.47","973.84","976.48","972.65","75.34M","0.04%"
"Jun 06, 2019","973.09","974.24","974.63","970.23","79.17M","0.06%"
"Jun 05, 2019","972.50","971.45","973.51","966.66","105.70M","0.42%"
"Jun 04, 2019","968.48","963.77","968.48","960.30","105.29M","0.93%"
"Jun 03, 2019","959.59","962.54","966.40","956.20","115.26M","-0.24%"
"May 31, 2019","961.89","959.65","962.56","957.58","109.26M","-0.39%"
"May 30, 2019","965.62","969.32","969.66","963.76","80.80M","-0.28%"
"May 29, 2019","968.29","971.67","973.28","966.27","104.09M","-1.00%"
"May 28, 2019","978.08","979.23","981.14","975.94","138.82M","-0.26%"
"May 27, 2019","980.60","974.60","980.63","974.50","29.22M","0.72%"
"May 24, 2019","973.60","972.85","975.11","970.40","97.30M","0.43%"
"May 23, 2019","969.43","972.35","972.35","965.35","117.91M","-0.95%"
"May 22, 2019","978.70","978.85","980.02","976.99","96.97M","-0.57%"
"May 21, 2019","984.35","981.68","984.35","980.08","116.17M","0.16%"
"May 17, 2019","982.76","981.43","986.31","980.89","82.56M","-0.28%"
"May 16, 2019","985.52","979.84","986.83","979.04","102.84M","0.84%"
"May 15, 2019","977.28","972.00","978.74","971.23","89.98M","0.25%"
"May 14, 2019","974.85","971.84","977.38","970.26","89.60M","0.51%"
"May 13, 2019","969.92","968.13","970.43","965.29","106.25M","-0.83%"
"May 10, 2019","978.05","976.91","981.56","967.54","116.83M","-0.19%"
"May 09, 2019","979.94","981.28","983.93","976.19","103.96M","-0.58%"
"May 08, 2019","985.67","982.39","989.05","982.10","90.32M","0.24%"
"May 07, 2019","983.30","983.88","986.08","980.68","118.41M","-0.82%"
"May 06, 2019","991.44","981.51","991.52","981.03","83.81M","-0.01%"
"May 03, 2019","991.58","989.63","991.72","987.04","89.36M","0.56%"
"May 02, 2019","986.02","989.75","990.89","985.51","130.23M","-0.45%"
"May 01, 2019","990.49","994.57","996.25","989.96","106.85M","-0.41%"
"Apr 30, 2019","994.53","994.10","996.73","991.93","100.08M","-0.12%"
"Apr 29, 2019","995.73","996.18","998.18","994.69","95.14M","-0.02%"
"Apr 26, 2019","995.88","992.29","995.88","989.75","167.80M","0.22%"
"Apr 25, 2019","993.71","992.34","994.80","989.80","164.63M","0.00%"
"Apr 24, 2019","993.71","997.63","999.31","992.79","104.67M","-0.63%"
"Apr 23, 2019","999.97","994.24","1,000.28","993.32","117.13M","0.69%"
"Apr 22, 2019","993.16","994.54","995.37","991.66","79.61M","-0.21%"
"Apr 18, 2019","995.29","991.44","995.57","991.24","99.72M","0.47%"
"Apr 17, 2019","990.61","990.00","991.49","987.97","193.65M","0.21%"
"Apr 16, 2019","988.51","989.78","990.47","987.94","90.48M","0.06%"
"Apr 15, 2019","987.92","983.75","989.09","982.74","88.97M","0.33%"
"Apr 12, 2019","984.66","983.49","985.08","981.52","88.03M","0.56%"
"Apr 11, 2019","979.13","979.06","983.44","978.40","99.48M","0.17%"
"Apr 10, 2019","977.48","976.48","978.34","975.77","89.67M","0.31%"
"Apr 09, 2019","974.43","974.39","975.22","971.80","75.42M","-0.45%"
"Apr 08, 2019","978.82","976.27","978.82","973.73","94.69M","0.06%"
"Apr 05, 2019","978.21","974.84","978.21","973.98","70.68M","0.49%"
"Apr 04, 2019","973.45","972.86","973.45","969.79","90.99M","0.18%"
"Apr 03, 2019","971.66","972.86","975.04","969.47","111.99M","0.13%"
"Apr 02, 2019","970.43","968.79","970.43","965.92","84.39M","0.28%"
"Apr 01, 2019","967.69","964.65","967.69","962.35","114.55M","0.85%"
"Mar 29, 2019","959.50","966.20","967.18","958.21","122.03M","-0.45%"
"Mar 28, 2019","963.84","959.36","964.77","959.36","99.48M","0.31%"
"Mar 27, 2019","960.90","961.31","964.15","957.29","120.62M","-0.10%"
"Mar 26, 2019","961.89","961.18","964.96","959.40","113.23M","0.59%"
"Mar 25, 2019","956.26","956.82","959.31","954.35","110.46M","-0.20%"
"Mar 22, 2019","958.21","962.48","963.41","954.98","178.89M","-0.94%"
"Mar 21, 2019","967.26","962.03","968.37","961.85","118.36M","0.41%"
"Mar 20, 2019","963.27","964.34","966.86","961.27","104.80M","-0.26%"
"Mar 19, 2019","965.74","971.16","971.31","965.55","106.63M","-0.47%"
"Mar 18, 2019","970.27","963.42","970.27","963.18","83.12M","0.72%"
"Mar 15, 2019","963.37","964.36","965.48","962.47","343.88M","0.38%"
"Mar 14, 2019","959.68","962.42","962.99","959.17","90.08M","-0.31%"
"Mar 13, 2019","962.71","965.04","966.42","962.10","115.65M","0.06%"
"Mar 12, 2019","962.13","962.91","963.20","959.20","122.61M","0.17%"
"Mar 11, 2019","960.45","956.02","962.44","956.02","143.69M","0.65%"
"Mar 08, 2019","954.25","952.66","954.59","948.19","132.59M","-0.46%"
"Mar 07, 2019","958.69","959.78","960.51","953.42","141.82M","-0.19%"
"Mar 06, 2019","960.51","959.95","963.56","959.23","129.96M","0.15%"
"Mar 05, 2019","959.09","959.15","960.99","958.40","125.86M","0.29%"
"Mar 04, 2019","956.30","959.08","959.62","951.57","166.55M","-0.20%"
"Mar 01, 2019","958.23","959.69","961.65","957.54","117.80M","0.45%"
"Feb 28, 2019","953.91","957.49","958.16","952.61","150.06M","-0.56%"
"Feb 27, 2019","959.33","956.61","959.59","953.68","105.94M","0.20%"
"Feb 26, 2019","957.44","957.09","961.37","957.09","133.55M","-0.01%"
"Feb 25, 2019","957.49","957.41","960.72","957.30","109.28M","0.27%"
"Feb 22, 2019","954.93","957.13","958.96","954.00","100.99M","-0.03%"
"Feb 21, 2019","955.18","955.02","957.05","953.56","152.74M","-0.20%"
"Feb 20, 2019","957.06","950.86","957.25","950.86","133.27M","0.71%"
"Feb 19, 2019","950.34","945.73","951.52","943.88","141.93M","0.58%"
"Feb 15, 2019","944.88","940.59","946.87","940.02","133.39M","0.94%"
"Feb 14, 2019","936.04","931.37","938.49","930.68","186.89M","0.48%"
"Feb 13, 2019","931.61","935.56","936.32","931.44","124.45M","-0.17%"
"Feb 12, 2019","933.15","932.95","934.28","930.22","117.16M","0.43%"
"Feb 11, 2019","929.15","934.74","934.89","927.60","92.66M","-0.41%"
"Feb 08, 2019","932.98","934.07","935.00","928.17","100.49M","-0.49%"
"Feb 07, 2019","937.61","937.69","938.83","930.76","118.25M","-0.05%"
"Feb 06, 2019","938.07","936.66","940.21","936.43","89.16M","0.03%"
"Feb 05, 2019","937.82","934.11","937.85","933.00","90.50M","0.62%"
"Feb 04, 2019","932.02","927.69","932.56","926.53","99.21M","0.63%"
"Feb 01, 2019","926.22","930.76","930.76","925.22","84.48M","-0.33%"
"Jan 31, 2019","929.25","927.58","930.52","926.20","131.17M","0.27%"
"Jan 30, 2019","926.77","928.28","928.97","923.36","110.07M","0.00%"
"Jan 29, 2019","926.77","921.97","928.97","921.89","102.96M","0.71%"
"Jan 28, 2019","920.27","914.84","920.27","913.72","105.57M","0.05%"
"Jan 25, 2019","919.80","920.21","921.71","915.94","91.65M","0.38%"
"Jan 24, 2019","916.29","912.24","916.40","911.36","99.09M","0.43%"
"Jan 23, 2019","912.36","917.00","917.99","908.55","94.61M","-0.20%"
"Jan 22, 2019","914.16","915.69","916.63","909.49","101.55M","-0.81%"
"Jan 21, 2019","921.65","917.46","921.65","915.40","33.14M","0.41%"
"Jan 18, 2019","917.93","916.72","919.32","914.26","124.16M","0.72%"
"Jan 17, 2019","911.39","902.33","912.39","901.34","105.28M","0.83%"
"Jan 16, 2019","903.91","901.37","904.74","901.11","122.43M","0.41%"
"Jan 15, 2019","900.21","896.55","901.90","894.82","90.05M","0.57%"
"Jan 14, 2019","895.14","889.45","896.72","889.45","93.34M","0.20%"
"Jan 11, 2019","893.39","889.34","894.18","887.66","96.54M","0.19%"
"Jan 10, 2019","891.72","883.71","892.84","879.97","112.70M","0.66%"
"Jan 09, 2019","885.91","877.87","886.19","875.68","134.79M","1.31%"
"Jan 08, 2019","874.42","875.43","877.98","870.15","129.65M","0.68%"
"Jan 07, 2019","868.55","866.61","869.40","861.00","148.55M","0.48%"
"Jan 04, 2019","864.44","860.18","865.39","857.20","119.81M","1.53%"
"Jan 03, 2019","851.45","855.74","856.36","847.83","108.02M","-0.97%"
"Jan 02, 2019","859.80","849.02","863.00","846.38","160.41M","0.06%"
"Dec 31, 2018","859.32","860.19","861.95","853.52","84.03M","0.52%"
"Dec 28, 2018","854.87","857.04","860.92","852.39","137.78M","0.25%"
"Dec 27, 2018","852.72","843.54","852.72","837.18","112.05M","2.97%"
"Dec 24, 2018","828.10","833.98","837.05","827.78","76.68M","-1.23%"
"Dec 21, 2018","838.45","852.36","855.86","837.77","343.91M","-1.50%"
"Dec 20, 2018","851.22","857.83","863.16","847.26","147.11M","-0.93%"
"Dec 19, 2018","859.25","870.66","876.02","858.50","183.42M","-1.02%"
"Dec 18, 2018","868.09","866.85","873.61","866.43","184.93M","0.24%"
"Dec 17, 2018","866.04","877.49","877.90","863.46","119.46M","-1.47%"
"Dec 14, 2018","878.92","881.66","885.49","877.10","120.91M","-0.85%"
"Dec 13, 2018","886.44","889.37","893.74","884.89","122.48M","-0.16%"
"Dec 12, 2018","887.89","889.06","895.32","886.98","126.11M","0.87%"
"Dec 11, 2018","880.26","895.29","900.11","880.26","124.91M","-0.56%"
"Dec 10, 2018","885.25","886.48","888.40","877.57","134.33M","-0.31%"
"Dec 07, 2018","888.02","900.07","904.56","886.03","145.22M","-1.08%"
"Dec 06, 2018","897.76","902.42","902.42","888.48","167.54M","-2.02%"
"Dec 05, 2018","916.25","912.15","919.43","910.78","69.15M","1.11%"
"Dec 04, 2018","906.22","914.90","917.94","905.53","127.97M","-1.26%"
"Dec 03, 2018","917.81","922.96","924.15","910.33","126.83M","0.49%"
"Nov 30, 2018","913.29","910.15","914.52","910.08","185.55M","-0.12%"
"Nov 29, 2018","914.36","911.38","917.89","910.73","118.34M","0.24%"
"Nov 28, 2018","912.16","902.62","912.37","900.85","118.26M","1.49%"
"Nov 27, 2018","898.81","900.84","902.44","896.22","106.16M","-0.32%"
"Nov 26, 2018","901.69","903.12","907.28","900.63","125.60M","0.21%"
"Nov 23, 2018","899.80","899.19","900.96","892.23","79.71M","-0.55%"
"Nov 22, 2018","904.77","904.24","906.27","902.18","44.45M","-0.11%"
"Nov 21, 2018","905.81","895.36","911.77","895.14","140.45M","1.55%"
"Nov 20, 2018","891.96","897.21","897.21","889.11","156.06M","-1.37%"
"Nov 19, 2018","904.35","906.75","909.17","901.88","127.74M","-0.35%"
"Nov 16, 2018","907.57","903.06","908.49","903.06","156.80M","-0.00%"
"Nov 15, 2018","907.59","905.17","909.24","901.95","120.96M","0.07%"
"Nov 14, 2018","906.98","909.74","914.21","901.89","125.58M","0.05%"
"Nov 13, 2018","906.54","907.66","913.64","904.80","139.06M","0.01%"
"Nov 12, 2018","906.47","911.46","911.69","905.80","104.02M","-0.69%"
"Nov 09, 2018","912.79","912.03","914.90","908.40","131.53M","-0.39%"
"Nov 08, 2018","916.33","913.44","917.82","911.87","150.12M","0.20%"
"Nov 07, 2018","914.51","915.61","916.47","909.87","112.40M","0.47%"
"Nov 06, 2018","910.26","907.13","910.67","904.74","93.85M","0.52%"
"Nov 05, 2018","905.57","901.93","907.22","901.93","116.32M","0.54%"
"Nov 02, 2018","900.70","904.97","906.40","895.97","128.83M","-0.07%"
"Nov 01, 2018","901.32","894.42","901.82","894.07","139.74M","0.70%"
"Oct 31, 2018","895.08","895.88","899.48","894.17","137.11M","0.70%"
"Oct 30, 2018","888.89","877.63","889.25","876.27","127.55M","1.40%"
"Oct 29, 2018","876.61","890.00","892.45","871.68","120.55M","-0.81%"
"Oct 26, 2018","883.76","879.94","886.99","873.74","122.32M","-0.25%"
"Oct 25, 2018","885.95","890.80","891.86","884.46","125.56M","0.03%"
"Oct 24, 2018","885.69","905.47","907.81","885.20","128.01M","-2.42%"
"Oct 23, 2018","907.62","905.30","909.78","896.96","124.41M","-0.79%"
"Oct 22, 2018","914.89","918.34","918.53","911.51","100.44M","-0.30%"
"Oct 19, 2018","917.64","916.25","922.79","915.20","97.42M","0.63%"
"Oct 18, 2018","911.88","916.28","917.76","910.23","111.02M","-0.81%"
"Oct 17, 2018","919.31","919.18","919.80","913.95","108.13M","-0.12%"
"Oct 16, 2018","920.38","911.76","920.38","909.81","86.21M","1.18%"
"Oct 15, 2018","909.61","912.25","913.96","909.33","90.86M","-0.18%"
"Oct 12, 2018","911.24","915.22","915.47","905.46","134.72M","0.49%"
"Oct 11, 2018","906.80","914.62","917.81","906.80","183.13M","-1.49%"
"Oct 10, 2018","920.53","940.08","940.08","920.25","147.87M","-2.24%"
"Oct 09, 2018","941.62","943.29","945.48","941.20","89.92M","-0.59%"
"Oct 05, 2018","947.21","949.78","952.54","945.19","87.05M","-0.40%"
"Oct 04, 2018","951.02","951.60","951.97","945.67","115.76M","-0.18%"
"Oct 03, 2018","952.75","953.53","953.81","948.52","86.04M","0.29%"
"Oct 02, 2018","950.04","953.33","953.33","946.82","94.54M","-0.51%"
"Oct 01, 2018","954.90","956.51","959.30","951.81","86.81M","0.28%"
"Sep 28, 2018","952.28","960.17","960.23","951.46","105.21M","-1.09%"
"Sep 27, 2018","962.73","961.12","966.68","961.12","86.99M","0.40%"
"Sep 26, 2018","958.91","957.59","963.22","957.54","88.35M","0.24%"
"Sep 25, 2018","956.61","963.41","965.60","956.61","84.23M","-0.35%"
"Sep 24, 2018","960.01","963.93","965.43","959.65","76.68M","-0.24%"
"Sep 21, 2018","962.34","963.39","965.43","961.62","193.28M","0.14%"
"Sep 20, 2018","960.95","960.71","962.44","957.39","83.69M","0.37%"
"Sep 19, 2018","957.42","960.29","961.11","957.36","90.48M","-0.28%"
"Sep 18, 2018","960.14","955.85","960.51","953.67","69.50M","0.71%"
"Sep 17, 2018","953.38","950.00","955.81","949.95","68.37M","0.48%"
"Sep 14, 2018","948.84","948.39","950.04","947.27","70.65M","0.03%"
"Sep 13, 2018","948.52","950.32","950.88","946.88","80.93M","-0.14%"
"Sep 12, 2018","949.88","954.44","954.58","947.47","90.28M","-0.51%"
"Sep 11, 2018","954.75","953.06","956.01","949.03","76.85M","0.10%"
"Sep 10, 2018","953.82","958.10","960.38","953.80","76.28M","-0.28%"
"Sep 07, 2018","956.49","954.26","956.85","950.70","89.07M","-0.21%"
"Sep 06, 2018","958.53","962.45","964.83","957.60","89.30M","-0.22%"
"Sep 05, 2018","960.69","958.28","961.64","953.72","86.57M","0.06%"
"Sep 04, 2018","960.07","966.42","966.42","959.96","97.13M","-0.59%"
"Aug 31, 2018","965.73","972.85","974.40","965.17","101.31M","-0.80%"
"Aug 30, 2018","973.51","972.88","977.01","971.53","78.85M","0.03%"
"Aug 29, 2018","973.23","972.70","976.21","970.09","63.76M","0.19%"
"Aug 28, 2018","971.34","977.97","977.97","969.78","68.55M","-0.50%"
"Aug 27, 2018","976.18","974.66","977.96","974.66","56.43M","0.48%"
"Aug 24, 2018","971.53","974.37","974.67","970.52","56.28M","0.02%"
"Aug 23, 2018","971.34","971.15","972.98","969.58","58.02M","-0.05%"
"Aug 22, 2018","971.79","970.75","975.61","970.75","75.23M","0.27%"
"Aug 21, 2018","969.14","972.83","976.60","968.99","68.48M","-0.39%"
"Aug 20, 2018","972.96","973.80","976.20","972.47","70.97M","-0.10%"
"Aug 17, 2018","973.98","967.21","974.93","965.88","70.72M","0.65%"
"Aug 16, 2018","967.71","967.22","971.34","966.96","74.57M","0.57%"
"Aug 15, 2018","962.23","968.97","968.97","958.41","101.68M","-1.28%"
"Aug 14, 2018","974.75","971.65","975.26","968.46","72.11M","0.63%"
"Aug 13, 2018","968.61","971.31","975.42","967.66","68.50M","-0.31%"
"Aug 10, 2018","971.63","973.67","974.07","968.16","80.72M","-0.68%"
"Aug 09, 2018","978.28","971.39","978.70","971.39","77.84M","0.74%"
"Aug 08, 2018","971.11","970.17","972.01","965.44","69.20M","0.21%"
"Aug 07, 2018","969.05","981.00","981.37","968.59","121.31M","-0.76%"
"Aug 03, 2018","976.49","974.72","977.00","973.08","68.50M","0.01%"
"Aug 02, 2018","976.42","971.30","977.24","967.36","78.36M","0.18%"
"Aug 01, 2018","974.63","975.19","978.21","971.63","69.47M","-0.49%"
"Jul 31, 2018","979.38","975.33","979.38","973.10","89.18M","0.59%"
"Jul 30, 2018","973.60","978.24","978.24","973.26","55.48M","-0.14%"
"Jul 27, 2018","974.92","977.70","979.90","972.36","69.48M","-0.30%"
"Jul 26, 2018","977.84","973.84","979.66","972.28","73.95M","0.22%"
"Jul 25, 2018","975.71","972.28","975.94","971.16","59.84M","0.13%"
"Jul 24, 2018","974.47","978.07","981.28","974.24","66.68M","-0.10%"
"Jul 23, 2018","975.41","976.85","976.85","973.02","61.63M","-0.11%"
"Jul 20, 2018","976.45","978.88","980.01","975.84","71.40M","-0.64%"
"Jul 19, 2018","982.78","977.14","983.69","977.14","81.86M","0.53%"
"Jul 18, 2018","977.60","982.80","983.31","977.60","78.62M","-0.29%"
"Jul 17, 2018","980.48","977.68","982.43","976.16","63.37M","0.08%"
"Jul 16, 2018","979.68","981.45","981.45","977.70","56.32M","-0.37%"
"Jul 13, 2018","983.33","983.13","984.43","981.79","62.19M","-0.01%"
"Jul 12, 2018","983.44","978.68","984.27","976.03","78.58M","1.01%"
"Jul 11, 2018","973.65","975.10","976.23","972.06","106.13M","-0.77%"
"Jul 10, 2018","981.25","976.42","981.74","976.42","80.37M","0.68%"
"Jul 09, 2018","974.58","970.77","974.97","970.01","60.71M","0.51%"
"Jul 06, 2018","969.63","961.13","970.00","960.42","63.14M","0.74%"
"Jul 05, 2018","962.48","966.28","966.91","960.81","79.27M","-0.21%"
"Jul 04, 2018","964.53","963.13","966.54","961.99","27.19M","0.21%"
"Jul 03, 2018","962.50","968.99","969.65","959.63","76.25M","-0.29%"
"Jun 29, 2018","965.32","962.16","966.90","962.16","99.02M","0.67%"
"Jun 28, 2018","958.85","958.15","961.24","954.42","82.09M","-0.35%"
"Jun 27, 2018","962.17","967.59","969.19","961.09","82.60M","-0.27%"
"Jun 26, 2018","964.76","961.54","969.09","958.51","107.55M","0.74%"
"Jun 25, 2018","957.71","969.44","969.81","956.09","125.78M","-1.66%"
"Jun 22, 2018","973.88","973.58","976.14","972.40","78.56M","0.85%"
"Jun 21, 2018","965.71","969.34","969.96","964.89","70.90M","-0.51%"
"Jun 20, 2018","970.62","967.72","972.25","966.68","82.25M","0.75%"
"Jun 19, 2018","963.39","962.64","965.59","960.70","75.49M","-0.47%"
"Jun 18, 2018","967.96","962.25","968.65","960.47","81.41M","0.36%"
"Jun 15, 2018","964.45","964.70","966.04","961.21","233.72M","-0.14%"
"Jun 14, 2018","965.82","965.18","967.69","961.09","63.91M","0.38%"
"Jun 13, 2018","962.13","963.31","965.27","961.71","64.77M","-0.05%"
"Jun 12, 2018","962.57","963.20","963.20","959.77","67.51M","0.03%"
"Jun 11, 2018","962.25","959.58","964.31","958.95","73.24M","0.51%"
"Jun 08, 2018","957.39","956.19","957.39","953.72","61.57M","0.11%"
"Jun 07, 2018","956.31","956.86","960.47","953.90","74.40M","0.05%"
"Jun 06, 2018","955.86","952.33","955.86","948.71","73.82M","0.39%"
"Jun 05, 2018","952.13","952.60","956.59","951.06","76.08M","0.34%"
"Jun 04, 2018","948.89","949.79","953.75","948.30","73.11M","0.03%"
"Jun 01, 2018","948.60","951.21","952.34","948.35","77.34M","-0.19%"
"May 31, 2018","950.45","946.92","950.86","944.30","131.93M","0.15%"
"May 30, 2018","949.07","944.41","949.09","942.45","86.02M","0.77%"
"May 29, 2018","941.80","944.40","947.64","939.13","94.09M","-0.70%"
"May 28, 2018","948.45","951.28","953.67","947.54","36.83M","-0.38%"
"May 25, 2018","952.05","952.68","957.31","951.14","79.71M","-0.21%"
"May 24, 2018","954.06","956.84","957.96","952.11","83.15M","-0.16%"
"May 23, 2018","955.62","952.69","956.99","951.85","77.55M","-0.11%"
"May 22, 2018","956.67","958.83","962.67","956.17","91.43M","-0.12%"
"May 18, 2018","957.85","958.47","958.63","954.24","76.36M","-0.01%"
"May 17, 2018","957.94","957.18","960.69","956.55","89.23M","0.16%"
"May 16, 2018","956.42","956.16","957.12","953.20","83.01M","0.09%"
"May 15, 2018","955.55","956.10","957.73","952.94","91.94M","0.09%"
"May 14, 2018","954.67","950.24","955.01","949.57","93.25M","0.74%"
"May 11, 2018","947.69","947.39","950.40","946.14","85.87M","0.32%"
"May 10, 2018","944.70","942.50","947.42","941.27","112.22M","0.26%"
"May 09, 2018","942.22","941.09","942.22","936.59","110.06M","0.51%"
"May 08, 2018","937.48","935.30","937.48","932.76","108.70M","0.28%"
"May 07, 2018","934.84","931.17","936.96","931.15","102.78M","0.55%"
"May 04, 2018","929.73","921.02","931.14","921.02","79.95M","0.79%"
"May 03, 2018","922.48","923.22","924.19","917.64","112.96M","-0.03%"
"May 02, 2018","922.76","923.80","926.95","922.18","88.67M","0.02%"
"May 01, 2018","922.58","921.41","923.27","918.47","63.77M","0.12%"
"Apr 30, 2018","921.43","926.40","927.93","921.43","83.77M","-0.48%"
"Apr 27, 2018","925.87","924.78","926.91","923.55","45.74M","0.26%"
"Apr 26, 2018","923.48","918.21","924.79","916.29","92.56M","0.92%"
"Apr 25, 2018","915.07","911.59","916.94","910.03","86.66M","0.39%"
"Apr 24, 2018","911.51","918.87","918.87","908.54","82.54M","-0.54%"
"Apr 23, 2018","916.49","913.48","918.71","912.79","83.09M","0.53%"
"Apr 20, 2018","911.68","911.02","912.92","909.29","77.66M","0.24%"
"Apr 19, 2018","909.47","915.65","916.64","908.29","79.91M","-0.57%"
"Apr 18, 2018","914.67","908.20","917.33","908.20","98.47M","1.16%"
"Apr 17, 2018","904.19","904.35","907.81","902.85","69.22M","0.26%"
"Apr 16, 2018","901.87","901.04","903.33","899.26","68.77M","0.21%"
"Apr 13, 2018","899.99","904.49","905.44","898.88","79.67M","-0.03%"
"Apr 12, 2018","900.23","901.78","903.43","899.66","69.93M","0.07%"
"Apr 11, 2018","899.57","898.69","903.47","898.58","91.05M","-0.15%"
"Apr 10, 2018","900.89","907.06","907.06","900.39","81.70M","0.06%"
"Apr 09, 2018","900.37","901.99","905.55","898.74","82.87M","0.21%"
"Apr 06, 2018","898.46","903.73","907.90","895.37","94.31M","-1.03%"
"Apr 05, 2018","907.82","897.85","908.77","897.28","92.27M","1.28%"
"Apr 04, 2018","896.39","888.75","897.42","884.87","95.08M","-0.08%"
"Apr 03, 2018","897.10","899.04","900.15","891.89","84.74M","-0.22%"
"Apr 02, 2018","899.06","907.68","907.68","895.35","68.79M","-1.09%"
"Mar 29, 2018","908.99","901.03","910.53","899.17","110.78M","1.32%"
"Mar 28, 2018","897.17","898.69","901.11","895.76","97.18M","-0.23%"
"Mar 27, 2018","899.25","903.66","908.31","896.30","97.86M","-0.43%"
"Mar 26, 2018","903.10","903.82","906.00","898.06","87.56M","0.64%"
"Mar 23, 2018","897.35","908.84","911.56","896.17","96.51M","-1.28%"
"Mar 22, 2018","908.96","919.05","919.85","907.96","104.00M","-1.87%"
"Mar 21, 2018","926.29","921.41","930.23","920.42","124.79M","0.31%"
"Mar 20, 2018","923.47","924.32","925.65","922.38","96.86M","0.05%"
"Mar 19, 2018","922.97","930.27","930.27","919.77","76.50M","-0.90%"
"Mar 16, 2018","931.38","930.80","936.91","930.80","256.76M","0.26%"
"Mar 15, 2018","929.00","930.12","933.24","926.97","85.35M","0.16%"
"Mar 14, 2018","927.55","929.88","931.42","925.30","72.39M","0.10%"
"Mar 13, 2018","926.65","927.41","930.40","924.84","69.20M","0.34%"
"Mar 12, 2018","923.47","921.79","925.24","920.35","67.80M","0.20%"
"Mar 09, 2018","921.64","921.76","923.12","916.09","68.42M","0.27%"
"Mar 08, 2018","919.12","918.12","920.14","915.90","80.37M","0.37%"
"Mar 07, 2018","915.69","915.74","923.92","915.16","82.54M","-0.40%"
"Mar 06, 2018","919.37","920.68","922.23","916.76","112.06M","-0.04%"
"Mar 05, 2018","919.77","906.43","920.93","906.06","89.55M","1.11%"
"Mar 02, 2018","909.67","905.47","910.61","903.89","98.09M","-0.14%"
"Mar 01, 2018","910.96","915.39","915.56","906.47","108.85M","-0.32%"
"Feb 28, 2018","913.90","932.79","932.79","913.89","128.19M","-1.63%"
"Feb 27, 2018","929.09","930.49","935.30","928.08","89.54M","-0.20%"
"Feb 26, 2018","930.98","930.14","932.11","926.82","78.26M","0.49%"
"Feb 23, 2018","926.42","921.39","926.62","919.52","71.17M","0.92%"
"Feb 22, 2018","917.93","923.03","926.09","916.79","94.42M","-0.07%"
"Feb 21, 2018","918.59","914.16","923.87","914.16","100.51M","0.74%"
"Feb 20, 2018","911.85","911.46","915.75","909.82","88.28M","-0.13%"
"Feb 16, 2018","913.02","911.12","915.99","909.26","111.34M","0.35%"
"Feb 15, 2018","909.86","912.13","912.74","902.31","133.49M","0.52%"
"Feb 14, 2018","905.13","894.89","909.21","893.28","124.86M","0.61%"
"Feb 13, 2018","899.64","897.74","901.33","894.69","114.50M","-0.12%"
"Feb 12, 2018","900.68","895.93","903.55","892.80","134.73M","1.29%"
"Feb 09, 2018","889.20","891.32","892.88","874.95","130.68M","-0.10%"
"Feb 08, 2018","890.13","907.19","908.07","890.13","126.58M","-1.85%"
"Feb 07, 2018","906.87","908.33","911.75","905.92","112.74M","-0.20%"
"Feb 06, 2018","908.72","892.83","911.14","881.30","138.81M","0.22%"
"Feb 05, 2018","906.70","918.25","922.82","903.52","123.58M","-1.96%"
"Feb 02, 2018","924.84","934.68","935.00","924.72","96.54M","-1.53%"
"Feb 01, 2018","939.20","942.50","942.50","936.82","105.36M","-0.55%"
"Jan 31, 2018","944.41","944.80","946.41","941.13","102.55M","-0.10%"
"Jan 30, 2018","945.33","948.72","950.88","944.98","102.56M","-0.71%"
"Jan 29, 2018","952.05","956.76","956.76","951.83","94.67M","-0.80%"
"Jan 26, 2018","959.77","959.15","959.77","956.29","101.69M","0.18%"
"Jan 25, 2018","958.04","964.23","964.70","957.31","95.91M","-0.50%"
"Jan 24, 2018","962.81","967.74","968.30","959.87","114.16M","-0.56%"
"Jan 23, 2018","968.24","968.29","971.27","962.57","110.39M","-0.04%"
"Jan 22, 2018","968.64","969.18","970.01","966.20","104.94M","-0.10%"
"Jan 19, 2018","969.60","967.96","970.32","966.81","101.05M","0.36%"
"Jan 18, 2018","966.08","968.83","969.48","965.25","90.16M","-0.16%"
"Jan 17, 2018","967.63","967.61","969.95","964.47","94.07M","0.15%"
"Jan 16, 2018","966.22","969.77","970.30","964.48","106.07M","-0.39%"
"Jan 15, 2018","969.96","968.08","971.19","966.94","45.34M","0.27%"
"Jan 12, 2018","967.37","967.22","968.31","965.06","84.00M","0.07%"
"Jan 11, 2018","966.66","965.57","967.31","963.56","83.09M","0.31%"
"Jan 10, 2018","963.70","967.92","969.79","962.27","107.74M","-0.53%"
"Jan 09, 2018","968.79","970.08","971.07","967.19","85.18M","0.07%"
"Jan 08, 2018","968.16","971.06","972.20","967.26","62.66M","-0.26%"
"Jan 05, 2018","970.65","971.10","971.88","968.32","68.96M","-0.38%"
"Jan 04, 2018","974.34","971.22","974.88","969.04","79.80M","0.43%"
"Jan 03, 2018","970.17","966.98","970.99","966.23","82.46M","0.51%"
"Jan 02, 2018","965.28","959.26","965.28","957.15","66.86M","0.58%"
"Dec 29, 2017","959.70","961.16","961.16","956.59","79.70M","-0.09%"
"Dec 28, 2017","960.61","958.48","960.61","954.93","56.36M","0.07%"
"Dec 27, 2017","959.92","959.01","960.40","958.01","52.67M","0.12%"
"Dec 22, 2017","958.79","960.11","961.59","958.06","52.92M","-0.18%"
"Dec 21, 2017","960.53","957.55","961.39","955.81","65.88M","0.17%"
"Dec 20, 2017","958.87","960.16","960.16","955.86","76.24M","0.07%"
"Dec 19, 2017","958.20","961.45","963.06","958.20","85.34M","-0.05%"
"Dec 18, 2017","958.65","957.71","963.55","956.91","81.65M","0.52%"
"Dec 15, 2017","953.69","952.74","957.17","952.74","238.57M","0.24%"
"Dec 14, 2017","951.45","959.11","961.29","950.86","92.73M","-0.86%"
"Dec 13, 2017","959.73","960.74","963.84","959.38","93.69M","0.06%"
"Dec 12, 2017","959.20","959.32","961.36","958.73","97.94M","0.10%"
"Dec 11, 2017","958.24","958.22","959.80","956.57","59.23M","-0.02%"
"Dec 08, 2017","958.44","955.74","959.45","955.72","65.87M","0.44%"
"Dec 07, 2017","954.24","947.49","954.40","947.49","76.38M","0.81%"
"Dec 06, 2017","946.55","942.60","952.06","941.47","80.79M","0.13%"
"Dec 05, 2017","945.32","947.49","949.07","944.56","76.45M","-0.28%"
"Dec 04, 2017","948.01","953.50","955.35","947.69","79.55M","-0.39%"
"Dec 01, 2017","951.76","951.66","955.67","946.62","97.29M","-0.03%"
"Nov 30, 2017","952.05","950.47","955.49","949.41","152.78M","0.52%"
"Nov 29, 2017","947.14","951.88","951.88","944.12","73.52M","-0.32%"
"Nov 28, 2017","950.21","952.21","953.63","949.31","69.29M","-0.04%"
"Nov 27, 2017","950.63","954.32","954.32","949.54","57.34M","-0.37%"
"Nov 24, 2017","954.14","953.73","955.06","952.74","41.48M","0.23%"
"Nov 23, 2017","951.94","952.42","954.09","951.67","19.40M","-0.02%"
"Nov 22, 2017","952.14","953.91","955.65","951.32","63.81M","-0.09%"
"Nov 21, 2017","952.98","950.58","954.66","950.47","70.99M","0.44%"
"Nov 20, 2017","948.84","947.13","950.68","947.02","69.27M","0.10%"
"Nov 17, 2017","947.86","945.95","948.44","945.51","64.65M","0.33%"
"Nov 16, 2017","944.77","943.26","946.08","942.74","59.97M","0.32%"
"Nov 15, 2017","941.71","941.24","944.05","938.86","71.96M","-0.17%"
"Nov 14, 2017","943.28","945.16","946.13","942.41","68.70M","-0.63%"
"Nov 13, 2017","949.28","946.48","951.13","946.48","53.39M","0.01%"
"Nov 10, 2017","949.22","950.70","951.70","946.98","75.23M","-0.19%"
"Nov 09, 2017","951.03","947.52","951.41","947.52","79.63M","-0.09%"
"Nov 08, 2017","951.86","951.39","952.23","949.52","79.29M","-0.16%"
"Nov 07, 2017","953.35","950.16","953.35","949.55","75.11M","0.34%"
"Nov 06, 2017","950.15","948.43","950.98","947.29","84.70M","0.35%"
"Nov 03, 2017","946.81","945.25","947.07","942.80","81.67M","0.07%"
"Nov 02, 2017","946.16","946.80","947.89","944.75","102.93M","-0.06%"
"Nov 01, 2017","946.72","950.98","951.66","946.47","95.46M","-0.05%"
"Oct 31, 2017","947.17","947.23","950.08","946.19","78.68M","0.15%"
"Oct 30, 2017","945.71","942.85","947.69","942.85","71.59M","0.20%"
"Oct 27, 2017","943.78","941.14","945.06","939.85","90.48M","0.35%"
"Oct 26, 2017","940.48","939.78","942.60","939.32","87.11M","0.26%"
"Oct 25, 2017","938.04","939.07","940.31","935.80","87.79M","-0.27%"
"Oct 24, 2017","940.56","938.88","941.30","938.88","75.19M","0.38%"
"Oct 23, 2017","937.01","938.94","940.19","936.66","55.91M","-0.00%"
"Oct 20, 2017","937.03","939.19","939.24","936.79","71.50M","0.22%"
"Oct 19, 2017","934.93","930.49","935.54","930.42","76.04M","0.32%"
"Oct 18, 2017","931.94","936.38","936.71","931.94","83.05M","-0.22%"
"Oct 17, 2017","933.98","933.19","936.01","932.54","120.09M","0.18%"
"Oct 16, 2017","932.28","934.17","935.84","932.10","61.57M","-0.01%"
"Oct 13, 2017","932.36","930.79","933.66","930.79","57.57M","0.47%"
"Oct 12, 2017","928.03","930.59","931.44","928.02","69.11M","-0.38%"
"Oct 11, 2017","931.53","931.20","932.61","930.82","67.39M","0.16%"
"Oct 10, 2017","930.04","928.82","931.26","927.92","68.50M","0.33%"
"Oct 06, 2017","926.97","927.92","927.92","923.83","53.28M","-0.36%"
"Oct 05, 2017","930.28","928.17","931.01","928.11","66.37M","0.32%"
"Oct 04, 2017","927.27","927.48","928.79","925.86","81.07M","-0.01%"
"Oct 03, 2017","927.38","925.87","928.25","925.87","84.58M","0.19%"
"Oct 02, 2017","925.59","922.56","926.35","921.22","72.61M","0.41%"
"Sep 29, 2017","921.79","922.01","925.45","921.01","85.76M","0.21%"
"Sep 28, 2017","919.89","918.43","921.78","918.29","100.69M","0.03%"
"Sep 27, 2017","919.60","911.85","919.60","911.26","115.89M","1.06%"
"Sep 26, 2017","909.98","911.50","911.66","908.55","87.71M","-0.26%"
"Sep 25, 2017","912.37","908.37","912.66","907.13","94.61M","0.43%"
"Sep 22, 2017","908.48","909.68","909.91","906.03","80.82M","-0.09%"
"Sep 21, 2017","909.29","904.75","910.78","904.10","95.18M","0.49%"
"Sep 20, 2017","904.89","900.15","904.89","900.15","95.82M","0.66%"
"Sep 19, 2017","898.99","897.42","900.54","896.48","71.63M","0.41%"
"Sep 18, 2017","895.28","891.43","896.28","891.08","71.49M","0.48%"
"Sep 15, 2017","890.96","890.83","891.38","888.11","345.51M","0.06%"
"Sep 14, 2017","890.39","887.94","891.11","887.54","76.81M","0.28%"
"Sep 13, 2017","887.92","889.38","890.78","887.92","72.10M","-0.15%"
"Sep 12, 2017","889.27","884.69","890.03","882.80","74.10M","0.68%"
"Sep 11, 2017","883.26","882.23","884.65","881.13","62.07M","0.45%"
"Sep 08, 2017","879.31","879.33","880.29","877.27","57.59M","-0.10%"
"Sep 07, 2017","880.15","882.73","882.94","879.63","66.30M","-0.29%"
"Sep 06, 2017","882.71","884.99","889.91","881.99","78.07M","-0.15%"
"Sep 05, 2017","884.07","890.45","890.45","879.79","82.71M","-0.80%"
"Sep 01, 2017","891.24","891.08","893.06","888.54","61.42M","-0.15%"
"Aug 31, 2017","892.56","890.15","893.70","889.09","94.07M","0.40%"
"Aug 30, 2017","888.98","887.46","891.91","885.97","76.55M","0.25%"
"Aug 29, 2017","886.72","880.56","886.77","877.03","76.95M","0.15%"
"Aug 28, 2017","885.38","886.64","886.64","881.26","51.42M","-0.11%"
"Aug 25, 2017","886.34","889.38","889.87","886.34","46.73M","-0.16%"
"Aug 24, 2017","887.75","889.73","889.92","886.07","56.35M","0.04%"
"Aug 23, 2017","887.38","879.54","890.21","879.54","56.86M","0.53%"
"Aug 22, 2017","882.74","881.95","883.82","881.12","48.85M","0.20%"
"Aug 21, 2017","881.02","880.51","881.70","878.25","54.10M","-0.01%"
"Aug 18, 2017","881.09","884.15","884.15","878.43","75.24M","-0.58%"
"Aug 17, 2017","886.25","888.33","890.79","886.16","57.56M","-0.32%"
"Aug 16, 2017","889.10","893.00","895.95","888.84","74.52M","-0.25%"
"Aug 15, 2017","891.31","894.11","894.45","890.21","60.24M","-0.19%"
"Aug 14, 2017","892.97","889.97","897.55","889.50","69.34M","0.74%"
"Aug 11, 2017","886.38","887.55","889.72","884.33","74.53M","-0.35%"
"Aug 10, 2017","889.51","896.83","897.91","888.23","86.86M","-0.98%"
"Aug 09, 2017","898.31","899.88","902.36","896.16","80.69M","-0.28%"
"Aug 08, 2017","900.80","900.98","902.47","897.91","80.30M","0.02%"
"Aug 04, 2017","900.63","900.19","901.06","896.81","60.88M","0.46%"
"Aug 03, 2017","896.47","901.99","904.17","895.25","77.31M","-0.38%"
"Aug 02, 2017","899.89","894.48","900.53","894.02","80.32M","0.60%"
"Aug 01, 2017","894.49","893.75","896.70","884.21","77.50M","0.37%"
"Jul 31, 2017","891.19","890.59","894.89","890.59","71.04M","0.20%"
"Jul 28, 2017","889.43","888.34","891.36","886.35","79.69M","-0.52%"
"Jul 27, 2017","894.12","895.28","896.78","885.99","95.51M","0.19%"
"Jul 26, 2017","892.41","897.43","897.90","892.38","82.90M","-0.38%"
"Jul 25, 2017","895.82","895.87","901.01","894.21","75.87M","0.42%"
"Jul 24, 2017","892.07","894.84","894.84","888.93","55.46M","-0.43%"
"Jul 21, 2017","895.90","898.62","898.68","892.09","90.96M","-0.55%"
"Jul 20, 2017","900.84","900.91","903.76","897.48","61.62M","0.25%"
"Jul 19, 2017","898.57","893.97","899.45","893.74","64.66M","0.62%"
"Jul 18, 2017","893.04","893.44","893.56","888.85","69.38M","-0.12%"
"Jul 17, 2017","894.08","895.20","896.46","892.91","59.66M","-0.08%"
"Jul 14, 2017","894.79","893.25","897.01","891.27","62.63M","0.28%"
"Jul 13, 2017","892.31","892.16","893.77","890.44","82.37M","0.01%"
"Jul 12, 2017","892.18","896.53","902.16","892.04","85.03M","-0.09%"
"Jul 11, 2017","892.96","890.24","892.96","885.64","73.69M","0.28%"
"Jul 10, 2017","890.44","886.01","892.94","884.07","63.85M","0.46%"
"Jul 07, 2017","886.36","886.40","886.40","879.37","75.65M","-0.30%"
"Jul 06, 2017","889.04","887.67","892.22","886.96","84.19M","-0.38%"
"Jul 05, 2017","892.43","889.50","894.10","883.58","82.46M","0.26%"
"Jul 04, 2017","890.09","895.54","897.49","886.88","33.15M","-0.29%"
"Jun 30, 2017","892.65","897.28","897.66","888.15","95.03M","-0.36%"
"Jun 29, 2017","895.85","904.59","904.59","891.85","93.47M","-0.94%"
"Jun 28, 2017","904.32","902.15","905.55","899.30","74.14M","0.44%"
"Jun 27, 2017","900.37","902.60","904.28","898.91","91.17M","-0.17%"
"Jun 26, 2017","901.88","902.53","906.05","898.54","74.46M","0.05%"
"Jun 23, 2017","901.46","897.27","903.71","896.27","86.77M","0.57%"
"Jun 22, 2017","896.37","892.91","899.10","892.64","99.01M","0.40%"
"Jun 21, 2017","892.83","893.64","898.58","891.46","98.58M","-0.00%"
"Jun 20, 2017","892.84","897.84","898.04","891.89","100.04M","-0.83%"
"Jun 19, 2017","900.27","899.45","904.57","898.96","91.53M","0.46%"
"Jun 16, 2017","896.14","893.30","897.71","889.40","379.06M","0.25%"
"Jun 15, 2017","893.88","889.82","894.96","887.38","111.94M","0.09%"
"Jun 14, 2017","893.04","904.49","904.49","892.90","132.22M","-1.31%"
"Jun 13, 2017","904.86","905.74","905.74","900.03","117.55M","-0.12%"
"Jun 12, 2017","905.96","911.82","920.05","903.99","124.96M","-0.72%"
"Jun 09, 2017","912.52","908.45","914.34","907.59","126.55M","0.43%"
"Jun 08, 2017","908.58","904.14","908.76","903.21","92.87M","0.37%"
"Jun 07, 2017","905.22","910.15","912.96","903.89","99.57M","-0.63%"
"Jun 06, 2017","911.00","906.63","911.65","906.10","91.86M","0.21%"
"Jun 05, 2017","909.08","909.69","911.85","904.32","67.40M","-0.23%"
"Jun 02, 2017","911.21","912.51","912.51","909.77","94.21M","-0.20%"
"Jun 01, 2017","913.00","907.38","914.84","905.33","101.51M","0.73%"
"May 31, 2017","906.38","908.15","909.00","901.67","203.07M","-0.13%"
"May 30, 2017","907.53","907.97","910.54","906.57","79.77M","-0.23%"
"May 29, 2017","909.58","909.65","912.63","908.34","31.47M","0.03%"
"May 26, 2017","909.27","909.66","909.90","905.58","75.21M","0.06%"
"May 25, 2017","908.75","911.89","913.94","903.65","86.23M","0.05%"
"May 24, 2017","908.33","912.03","912.03","902.51","88.16M","-0.45%"
"May 23, 2017","912.45","914.16","915.79","911.88","102.34M","0.21%"
"May 19, 2017","910.58","904.22","911.48","903.25","91.86M","1.15%"
"May 18, 2017","900.21","896.56","904.02","891.94","115.24M","0.15%"
"May 17, 2017","898.89","912.96","912.96","898.85","128.77M","-1.86%"
"May 16, 2017","915.88","923.69","927.37","915.80","99.49M","-0.72%"
"May 15, 2017","922.56","921.95","925.75","921.80","105.48M","0.60%"
"May 12, 2017","917.02","916.76","920.65","914.15","87.87M","-0.02%"
"May 11, 2017","917.21","920.44","922.31","915.36","119.24M","-0.60%"
"May 10, 2017","922.74","919.03","923.52","919.03","121.29M","0.34%"
"May 09, 2017","919.65","924.74","926.94","915.78","91.74M","-0.56%"
"May 08, 2017","924.84","923.71","926.34","921.70","98.35M","0.46%"
"May 05, 2017","920.60","912.00","921.59","910.54","95.74M","1.25%"
"May 04, 2017","909.21","915.19","916.61","906.38","133.90M","-0.82%"
"May 03, 2017","916.77","918.57","922.32","915.84","126.04M","-0.42%"
"May 02, 2017","920.63","918.66","922.58","916.62","130.08M","0.34%"
"May 01, 2017","917.55","919.64","919.93","916.97","92.34M","-0.15%"
"Apr 28, 2017","918.90","916.09","922.76","913.42","107.46M","0.50%"
"Apr 27, 2017","914.34","924.60","924.60","909.78","142.94M","-1.13%"
"Apr 26, 2017","924.79","930.97","932.40","924.77","106.08M","-0.62%"
"Apr 25, 2017","930.54","930.63","933.76","929.58","126.44M","0.24%"
"Apr 24, 2017","928.30","925.96","931.53","925.35","96.25M","0.87%"
"Apr 21, 2017","920.26","919.76","921.98","918.18","83.97M","-0.10%"
"Apr 20, 2017","921.16","917.64","924.07","916.27","100.10M","0.61%"
"Apr 19, 2017","915.54","921.52","923.36","914.35","103.72M","-0.41%"
"Apr 18, 2017","919.27","921.44","921.82","913.97","97.55M","-0.52%"
"Apr 17, 2017","924.03","915.53","924.18","915.53","76.47M","1.12%"
"Apr 13, 2017","913.81","919.15","919.54","913.40","80.29M","-0.70%"
"Apr 12, 2017","920.27","923.37","924.52","919.58","102.78M","-0.53%"
"Apr 11, 2017","925.19","926.51","926.64","917.63","101.22M","-0.14%"
"Apr 10, 2017","926.53","922.29","928.81","921.75","76.07M","0.37%"
"Apr 07, 2017","923.12","924.94","925.46","920.91","118.50M","-0.21%"
"Apr 06, 2017","925.09","924.39","927.70","922.92","94.10M","0.38%"
"Apr 05, 2017","921.55","926.18","929.23","921.55","110.75M","-0.15%"
"Apr 04, 2017","922.92","915.75","924.16","915.75","82.09M","0.51%"
"Apr 03, 2017","918.21","918.33","921.26","909.18","107.35M","0.29%"
"Mar 31, 2017","915.58","916.79","920.00","915.58","125.78M","-0.28%"
"Mar 30, 2017","918.18","923.09","923.72","914.68","95.27M","-0.55%"
"Mar 29, 2017","923.24","919.46","923.92","917.05","82.05M","0.31%"
"Mar 28, 2017","920.39","915.65","921.74","915.65","91.57M","0.66%"
"Mar 27, 2017","914.34","905.69","914.76","903.98","92.28M","0.40%"
"Mar 24, 2017","910.73","912.33","913.74","909.09","84.28M","0.05%"
"Mar 23, 2017","910.28","905.17","912.82","903.93","86.55M","0.57%"
"Mar 22, 2017","905.16","899.75","906.32","897.86","112.09M","0.34%"
"Mar 21, 2017","902.07","910.70","914.40","900.77","101.36M","-0.86%"
"Mar 20, 2017","909.90","913.87","914.75","906.81","91.76M","-0.42%"
"Mar 17, 2017","913.74","917.61","921.67","913.73","306.64M","-0.46%"
"Mar 16, 2017","917.93","916.87","920.71","916.87","103.07M","0.34%"
"Mar 15, 2017","914.82","911.83","915.79","910.27","121.72M","0.69%"
"Mar 14, 2017","908.56","913.79","914.23","908.05","115.80M","-1.06%"
"Mar 13, 2017","918.32","915.63","919.61","915.63","109.21M","0.18%"
"Mar 10, 2017","916.70","921.43","923.13","911.76","107.78M","-0.18%"
"Mar 09, 2017","918.35","918.34","923.39","914.33","114.37M","0.09%"
"Mar 08, 2017","917.53","924.03","926.90","916.98","97.73M","-0.68%"
"Mar 07, 2017","923.78","923.95","925.79","921.75","97.22M","-0.10%"
"Mar 06, 2017","924.70","919.21","924.83","915.07","98.09M","0.32%"
"Mar 03, 2017","921.79","915.92","922.73","915.92","104.92M","0.48%"
"Mar 02, 2017","917.35","918.83","921.07","915.92","108.08M","-0.14%"
"Mar 01, 2017","918.67","916.73","921.14","912.28","127.64M","1.22%"
"Feb 28, 2017","907.57","912.59","916.24","907.28","173.55M","-0.53%"
"Feb 27, 2017","912.41","915.81","918.77","910.86","282.30M","-0.28%"
"Feb 24, 2017","914.95","925.87","925.91","913.55","133.31M","-1.63%"
"Feb 23, 2017","930.08","937.74","938.42","929.61","124.25M","-0.42%"
"Feb 22, 2017","933.96","937.04","938.42","933.96","113.23M","-0.58%"
"Feb 21, 2017","939.38","937.01","940.99","935.87","108.85M","0.51%"
"Feb 17, 2017","934.58","932.04","935.11","930.92","102.02M","-0.08%"
"Feb 16, 2017","935.33","933.94","935.48","932.59","117.68M","0.07%"
"Feb 15, 2017","934.69","931.77","935.15","931.31","92.65M","0.36%"
"Feb 14, 2017","931.38","928.73","932.41","926.71","93.05M","0.18%"
"Feb 13, 2017","929.68","929.14","930.41","928.24","82.56M","0.25%"
"Feb 10, 2017","927.38","923.74","928.16","923.50","98.09M","0.63%"
"Feb 09, 2017","921.55","918.85","923.04","918.85","87.40M","0.48%"
"Feb 08, 2017","917.19","913.02","917.19","908.33","92.50M","0.31%"
"Feb 07, 2017","914.36","912.22","914.88","911.44","85.96M","0.36%"
"Feb 06, 2017","911.10","913.89","914.07","909.79","77.04M","-0.25%"
"Feb 03, 2017","913.38","910.82","915.47","908.43","84.10M","0.53%"
"Feb 02, 2017","908.52","909.29","911.16","907.08","88.36M","-0.07%"
"Feb 01, 2017","909.15","911.45","912.83","904.69","96.86M","-0.00%"
"Jan 31, 2017","909.19","909.86","911.90","904.35","110.24M","-0.22%"
"Jan 30, 2017","911.24","918.59","918.59","908.25","89.00M","-1.02%"
"Jan 27, 2017","920.60","923.64","925.86","918.25","72.30M","-0.31%"
"Jan 26, 2017","923.50","924.68","925.82","921.35","79.69M","-0.15%"
"Jan 25, 2017","924.85","925.80","927.88","924.32","100.56M","0.08%"
"Jan 24, 2017","924.13","916.72","924.74","914.90","125.47M","0.80%"
"Jan 23, 2017","916.79","919.61","919.76","913.14","87.83M","-0.47%"
"Jan 20, 2017","921.12","915.27","922.48","915.27","111.06M","1.03%"
"Jan 19, 2017","911.75","911.80","914.56","910.98","81.84M","0.10%"
"Jan 18, 2017","910.85","911.94","913.56","907.68","116.06M","-0.18%"
"Jan 17, 2017","912.52","915.75","915.95","911.75","99.67M","-0.31%"
"Jan 16, 2017","915.33","916.13","916.81","912.92","30.66M","-0.11%"
"Jan 13, 2017","916.37","911.99","917.96","910.89","86.14M","0.55%"
"Jan 12, 2017","911.40","914.72","914.72","907.79","112.11M","-0.42%"
"Jan 11, 2017","915.21","912.07","915.45","908.82","123.35M","0.57%"
"Jan 10, 2017","910.06","910.05","912.23","909.97","94.71M","0.24%"
"Jan 09, 2017","907.90","911.97","911.97","905.95","78.36M","-0.63%"
"Jan 06, 2017","913.69","916.62","916.79","912.02","92.28M","-0.46%"
"Jan 05, 2017","917.93","915.11","920.51","914.81","119.37M","0.38%"
"Jan 04, 2017","914.42","909.18","914.80","907.64","107.86M","0.75%"
"Jan 03, 2017","907.58","905.05","910.57","903.77","97.65M","0.84%"
"Dec 30, 2016","900.05","909.30","909.30","899.31","71.13M","-0.96%"
"Dec 29, 2016","908.74","906.84","910.74","906.01","63.04M","0.22%"
"Dec 28, 2016","906.78","908.28","910.54","905.36","75.21M","0.12%"
"Dec 23, 2016","905.69","907.47","908.65","905.69","50.38M","-0.11%"
"Dec 22, 2016","906.68","904.52","907.48","903.36","75.84M","0.30%"
"Dec 21, 2016","903.97","904.47","905.71","903.35","67.30M","-0.03%"
"Dec 20, 2016","904.24","904.50","907.02","904.23","92.25M","0.09%"
"Dec 19, 2016","903.45","903.60","905.52","902.91","98.82M","0.13%"
"Dec 16, 2016","902.24","905.42","905.42","900.68","366.82M","0.20%"
"Dec 15, 2016","900.44","897.35","903.71","897.02","135.53M","0.37%"
"Dec 14, 2016","897.14","906.03","906.43","896.97","118.98M","-1.16%"
"Dec 13, 2016","907.71","904.14","909.83","903.36","97.71M","0.71%"
"Dec 12, 2016","901.35","903.63","905.69","901.25","105.77M","-0.17%"
"Dec 09, 2016","902.92","901.29","904.73","901.29","95.45M","0.19%"
"Dec 08, 2016","901.21","898.28","902.77","898.05","100.92M","0.37%"
"Dec 07, 2016","897.88","890.34","898.34","890.04","99.80M","0.83%"
"Dec 06, 2016","890.52","888.78","891.41","887.69","89.38M","0.29%"
"Dec 05, 2016","887.94","887.39","890.96","887.18","106.14M","0.24%"
"Dec 02, 2016","885.84","883.26","888.66","882.09","89.30M","0.18%"
"Dec 01, 2016","884.28","891.30","892.01","883.37","125.66M","-0.45%"
"Nov 30, 2016","888.30","891.66","893.04","888.30","171.66M","0.31%"
"Nov 29, 2016","885.59","884.77","886.69","882.14","88.03M","-0.11%"
"Nov 28, 2016","886.55","889.73","890.18","885.14","87.30M","-0.52%"
"Nov 25, 2016","891.18","891.16","894.26","888.69","57.13M","0.12%"
"Nov 24, 2016","890.08","890.52","893.18","889.28","28.45M","-0.05%"
"Nov 23, 2016","890.54","887.10","892.12","887.10","93.96M","-0.07%"
"Nov 22, 2016","891.13","890.38","891.88","887.59","95.95M","0.31%"
"Nov 21, 2016","888.35","881.53","888.45","881.53","98.96M","1.15%"
"Nov 18, 2016","878.27","874.84","878.74","873.80","82.37M","0.27%"
"Nov 17, 2016","875.91","868.99","877.40","868.91","121.88M","0.75%"
"Nov 16, 2016","869.41","866.75","869.41","864.93","112.42M","-0.07%"
"Nov 15, 2016","870.00","863.29","870.68","861.87","113.56M","1.00%"
"Nov 14, 2016","861.38","859.96","861.45","856.10","142.80M","0.29%"
"Nov 11, 2016","858.90","867.91","868.20","853.80","133.09M","-1.17%"
"Nov 10, 2016","869.09","871.54","874.52","866.82","159.52M","0.10%"
"Nov 09, 2016","868.25","861.06","871.02","860.80","141.59M","0.72%"
"Nov 08, 2016","862.06","860.93","865.55","858.53","93.45M","0.09%"
"Nov 07, 2016","861.32","857.34","862.50","857.34","77.93M","1.11%"
"Nov 04, 2016","851.86","855.68","855.82","850.83","92.81M","-0.54%"
"Nov 03, 2016","856.45","859.06","861.92","854.62","95.12M","-0.13%"
"Nov 02, 2016","857.55","864.18","865.68","857.53","118.45M","-1.12%"
"Nov 01, 2016","867.29","870.25","871.31","862.59","106.52M","-0.13%"
"Oct 31, 2016","868.38","868.24","871.84","867.49","96.78M","-0.03%"
"Oct 28, 2016","868.61","870.19","873.84","867.64","101.17M","-0.35%"
"Oct 27, 2016","871.70","871.93","875.38","869.90","110.80M","0.39%"
"Oct 26, 2016","868.35","867.35","871.52","866.03","114.01M","-0.16%"
"Oct 25, 2016","869.73","872.44","873.30","869.38","93.86M","-0.35%"
"Oct 24, 2016","872.75","873.84","873.84","869.67","80.20M","0.01%"
"Oct 21, 2016","872.69","866.61","874.24","865.91","75.92M","0.64%"
"Oct 20, 2016","867.12","865.64","868.85","864.18","99.61M","0.04%"
"Oct 19, 2016","866.77","862.32","869.81","860.85","94.27M","0.58%"
"Oct 18, 2016","861.79","856.64","863.61","855.71","84.22M","1.09%"
"Oct 17, 2016","852.52","852.13","854.58","851.03","63.66M","0.04%"
"Oct 14, 2016","852.14","858.74","861.44","851.92","84.86M","-0.45%"
"Oct 13, 2016","856.02","848.79","857.59","844.92","99.44M","0.20%"
"Oct 12, 2016","854.32","850.90","855.37","849.70","83.45M","0.38%"
"Oct 11, 2016","851.07","852.89","852.89","849.52","83.11M","0.01%"
"Oct 07, 2016","851.00","853.00","854.66","846.46","90.61M","-0.23%"
"Oct 06, 2016","853.00","853.58","855.34","851.69","105.08M","-0.08%"
"Oct 05, 2016","853.70","851.59","856.19","851.59","96.88M","0.60%"
"Oct 04, 2016","848.63","856.36","856.81","844.92","109.08M","-0.90%"
"Oct 03, 2016","856.31","858.04","858.84","852.90","77.49M","-0.25%"
"Sep 30, 2016","858.47","862.84","864.54","858.47","111.45M","-0.18%"
"Sep 29, 2016","860.04","858.22","863.36","857.15","97.53M","0.18%"
"Sep 28, 2016","858.46","851.73","859.03","850.37","104.82M","1.17%"
"Sep 27, 2016","848.54","848.87","851.45","845.61","82.46M","-0.34%"
"Sep 26, 2016","851.45","852.58","853.74","850.28","80.53M","-0.53%"
"Sep 23, 2016","856.02","861.54","861.54","854.45","87.75M","-0.57%"
"Sep 22, 2016","860.96","861.53","863.72","860.09","95.61M","0.58%"
"Sep 21, 2016","856.01","849.74","856.60","849.46","102.74M","1.21%"
"Sep 20, 2016","845.81","849.02","849.89","845.55","96.53M","0.12%"
"Sep 19, 2016","844.78","846.00","848.51","843.40","82.47M","0.20%"
"Sep 16, 2016","843.08","843.33","843.33","838.06","199.22M","-0.27%"
"Sep 15, 2016","845.40","836.86","846.59","836.86","99.44M","1.14%"
"Sep 14, 2016","835.90","834.39","840.91","834.01","96.42M","0.14%"
"Sep 13, 2016","834.71","843.35","843.35","832.90","116.96M","-1.76%"
"Sep 12, 2016","849.64","842.56","851.67","841.76","100.19M","0.37%"
"Sep 09, 2016","846.51","855.02","855.27","844.08","110.55M","-1.60%"
"Sep 08, 2016","860.30","860.40","861.82","857.07","93.32M","-0.03%"
"Sep 07, 2016","860.57","860.31","861.12","857.08","89.54M","-0.06%"
"Sep 06, 2016","861.12","862.83","862.83","858.78","111.62M","-0.05%"
"Sep 02, 2016","861.56","858.04","864.61","858.04","87.44M","0.70%"
"Sep 01, 2016","855.60","850.15","857.69","850.02","113.13M","0.50%"
"Aug 31, 2016","851.38","855.76","856.05","847.81","137.24M","-0.71%"
"Aug 30, 2016","857.50","857.59","862.59","855.89","96.38M","0.14%"
"Aug 29, 2016","856.30","852.83","857.69","852.24","72.13M","0.36%"
"Aug 26, 2016","853.20","854.49","859.16","850.33","86.82M","0.06%"
"Aug 25, 2016","852.65","852.51","855.25","850.19","83.38M","-0.03%"
"Aug 24, 2016","852.91","859.76","860.34","852.42","89.30M","-0.83%"
"Aug 23, 2016","860.07","860.21","862.09","858.92","79.04M","0.21%"
"Aug 22, 2016","858.27","851.28","858.27","849.63","80.98M","0.53%"
"Aug 19, 2016","853.72","853.19","854.27","850.22","64.99M","0.01%"
"Aug 18, 2016","853.61","854.89","854.89","852.05","67.02M","-0.09%"
"Aug 17, 2016","854.36","854.15","854.68","849.09","81.00M","0.01%"
"Aug 16, 2016","854.28","858.20","858.20","853.24","64.62M","-0.55%"
"Aug 15, 2016","859.01","858.79","860.49","858.39","62.29M","0.18%"
"Aug 12, 2016","857.50","860.32","860.32","854.67","83.76M","-0.36%"
"Aug 11, 2016","860.59","860.12","863.74","860.11","83.82M","0.20%"
"Aug 10, 2016","858.88","861.68","862.86","857.29","81.05M","-0.22%"
"Aug 09, 2016","860.74","857.77","862.48","857.77","76.21M","0.50%"
"Aug 08, 2016","856.47","850.83","857.91","850.83","84.74M","0.75%"
"Aug 05, 2016","850.09","844.31","850.39","844.31","91.08M","0.96%"
"Aug 04, 2016","841.99","842.15","843.65","838.66","90.75M","-0.13%"
"Aug 03, 2016","843.09","840.54","843.86","838.98","87.00M","0.34%"
"Aug 02, 2016","840.22","845.49","845.85","837.04","99.30M","-0.85%"
"Jul 29, 2016","847.40","845.35","848.06","843.14","97.92M","0.06%"
"Jul 28, 2016","846.88","846.63","848.25","843.58","108.03M","0.06%"
"Jul 27, 2016","846.40","848.64","850.33","841.93","97.92M","-0.12%"
"Jul 26, 2016","847.45","844.34","849.29","844.25","79.71M","0.35%"
"Jul 25, 2016","844.49","849.90","849.92","842.70","73.30M","-0.69%"
"Jul 22, 2016","850.34","848.72","850.60","847.34","66.56M","0.27%"
"Jul 21, 2016","848.02","847.88","850.10","846.88","81.99M","0.08%"
"Jul 20, 2016","847.36","845.11","849.09","844.49","95.29M","0.16%"
"Jul 19, 2016","846.03","846.60","846.96","844.53","73.68M","-0.06%"
"Jul 18, 2016","846.53","844.17","847.06","843.68","63.51M","0.33%"
"Jul 15, 2016","843.73","845.93","846.40","843.73","71.96M","-0.13%"
"Jul 14, 2016","844.80","845.08","847.73","844.06","188.19M","0.20%"
"Jul 13, 2016","843.10","842.27","845.83","838.80","102.61M","0.15%"
"Jul 12, 2016","841.86","835.63","842.33","835.63","117.80M","0.93%"
"Jul 11, 2016","834.08","828.43","837.41","828.43","117.74M","0.82%"
"Jul 08, 2016","827.27","821.72","832.36","821.72","106.90M","0.79%"
"Jul 07, 2016","820.76","826.62","828.07","818.63","99.27M","-0.67%"
"Jul 06, 2016","826.29","825.04","826.36","817.10","126.31M","-0.03%"
"Jul 05, 2016","826.56","828.29","829.59","822.15","115.73M","-0.31%"
"Jul 04, 2016","829.10","825.29","830.79","825.29","56.51M","1.40%"
"Jun 30, 2016","817.65","817.76","821.02","812.24","142.07M","0.13%"
"Jun 29, 2016","816.56","811.38","817.86","811.26","116.16M","1.33%"
"Jun 28, 2016","805.84","799.85","807.46","799.85","120.05M","1.20%"
"Jun 27, 2016","796.31","806.30","806.30","791.60","151.54M","-1.51%"
"Jun 24, 2016","808.55","817.91","817.91","802.52","144.37M","-1.90%"
"Jun 23, 2016","824.18","820.02","825.20","820.02","104.54M","1.04%"
"Jun 22, 2016","815.70","817.18","819.04","814.10","92.90M","0.00%"
"Jun 21, 2016","815.70","814.82","818.05","811.57","81.09M","0.10%"
"Jun 20, 2016","814.92","810.79","818.64","810.79","100.18M","0.62%"
"Jun 17, 2016","809.88","808.38","812.38","808.38","326.00M","0.24%"
"Jun 16, 2016","807.93","808.76","808.76","802.62","124.21M","-0.20%"
"Jun 15, 2016","809.57","808.08","813.30","808.08","112.74M","0.19%"
"Jun 14, 2016","808.05","814.26","815.35","806.23","107.23M","-0.82%"
"Jun 13, 2016","814.71","816.62","819.31","812.35","101.34M","-0.25%"
"Jun 10, 2016","816.76","827.38","827.38","814.57","108.22M","-1.43%"
"Jun 09, 2016","828.62","830.94","830.94","825.99","102.53M","-0.59%"
"Jun 08, 2016","833.54","840.70","842.30","831.93","136.11M","-0.56%"
"Jun 07, 2016","838.27","832.52","838.31","832.52","112.41M","0.66%"
"Jun 06, 2016","832.81","832.26","834.65","830.39","106.57M","0.29%"
"Jun 03, 2016","830.37","826.66","831.35","824.27","117.51M","0.54%"
"Jun 02, 2016","825.94","820.62","826.58","818.17","81.21M","0.60%"
"Jun 01, 2016","821.00","817.79","821.34","814.14","102.09M","-0.01%"
"May 31, 2016","821.06","824.53","828.66","820.76","190.35M","-0.35%"
"May 30, 2016","823.92","825.89","826.38","822.60","31.93M","-0.12%"
"May 27, 2016","824.87","821.51","826.35","821.43","90.65M","0.42%"
"May 26, 2016","821.38","825.57","826.64","821.32","105.51M","0.01%"
"May 25, 2016","821.33","816.16","823.95","816.16","109.52M","0.71%"
"May 24, 2016","815.58","813.37","820.10","813.37","118.83M","0.36%"
"May 20, 2016","812.64","808.68","815.50","808.68","99.58M","0.84%"
"May 19, 2016","805.86","804.06","805.86","798.70","128.91M","-0.22%"
"May 18, 2016","807.61","810.32","814.03","805.35","134.99M","-0.45%"
"May 17, 2016","811.23","809.14","815.17","808.26","118.42M","0.18%"
"May 16, 2016","809.75","804.33","812.23","804.33","102.68M","1.07%"
"May 13, 2016","801.16","802.51","806.38","799.43","116.16M","-0.27%"
"May 12, 2016","803.35","806.91","809.28","796.03","113.96M","-0.02%"
"May 11, 2016","803.54","804.07","806.71","800.85","127.42M","-0.06%"
"May 10, 2016","804.03","792.01","805.90","792.01","114.74M","1.67%"
"May 09, 2016","790.85","796.55","797.24","789.37","101.95M","-1.02%"
"May 06, 2016","799.03","795.08","803.44","793.19","112.57M","0.40%"
"May 05, 2016","795.84","800.22","804.03","792.80","122.57M","-0.14%"
"May 04, 2016","796.95","799.75","803.38","793.46","119.63M","-0.59%"
"May 03, 2016","801.69","808.85","808.85","794.66","130.71M","-1.05%"
"May 02, 2016","810.21","816.27","816.27","808.05","123.42M","-0.64%"
"Apr 29, 2016","815.46","811.66","816.81","811.42","175.67M","0.45%"
"Apr 28, 2016","811.78","811.11","816.42","804.75","176.81M","-0.03%"
"Apr 27, 2016","812.03","809.44","813.06","808.42","157.20M","0.48%"
"Apr 26, 2016","808.17","809.43","811.41","807.13","122.54M","0.04%"
"Apr 25, 2016","807.82","811.43","811.43","805.13","92.98M","-0.55%"
"Apr 22, 2016","812.27","812.34","815.43","811.01","114.66M","-0.06%"
"Apr 21, 2016","812.74","815.48","818.15","810.37","142.45M","-0.31%"
"Apr 20, 2016","815.29","812.49","818.49","811.57","154.08M","0.42%"
"Apr 19, 2016","811.92","805.76","812.38","804.21","134.99M","1.08%"
"Apr 18, 2016","803.22","796.84","803.94","793.86","124.53M","0.54%"
"Apr 15, 2016","798.94","799.15","800.26","797.07","118.59M","-0.31%"
"Apr 14, 2016","801.45","801.39","802.82","798.96","128.95M","0.08%"
"Apr 13, 2016","800.78","797.86","802.64","797.01","116.37M","0.68%"
"Apr 12, 2016","795.38","786.42","798.51","786.42","141.57M","1.32%"
"Apr 11, 2016","785.00","785.70","792.19","784.97","98.47M","0.05%"
"Apr 08, 2016","784.58","779.97","786.65","779.97","119.53M","1.04%"
"Apr 07, 2016","776.51","780.03","780.03","773.24","111.60M","-0.63%"
"Apr 06, 2016","781.45","779.08","781.51","774.33","107.37M","0.30%"
"Apr 05, 2016","779.10","779.59","780.66","776.89","90.20M","-0.29%"
"Apr 04, 2016","781.39","788.04","788.20","779.91","86.14M","-0.77%"
"Apr 01, 2016","787.45","785.28","787.48","780.46","109.28M","-0.44%"
"Mar 31, 2016","790.93","791.60","795.04","789.99","110.99M","-0.19%"
"Mar 30, 2016","792.46","790.62","797.19","790.62","104.45M","0.60%"
"Mar 29, 2016","787.72","784.41","789.06","779.15","97.70M","0.12%"
"Mar 28, 2016","786.78","784.79","787.17","779.61","74.72M","0.30%"
"Mar 24, 2016","784.45","780.90","784.45","778.17","102.90M","-0.15%"
"Mar 23, 2016","785.65","792.25","792.25","784.57","133.54M","-0.68%"
"Mar 22, 2016","790.99","793.25","795.83","790.99","103.55M","-0.56%"
"Mar 21, 2016","795.43","791.42","796.19","790.73","96.86M","0.52%"
"Mar 18, 2016","791.35","798.01","799.13","791.08","310.79M","-1.02%"
"Mar 17, 2016","799.49","792.88","803.02","791.82","151.68M","1.02%"
"Mar 16, 2016","791.45","788.59","794.87","786.93","128.51M","0.41%"
"Mar 15, 2016","788.23","786.16","788.26","781.01","116.19M","-0.53%"
"Mar 14, 2016","792.41","794.14","795.02","788.84","107.07M","-0.21%"
"Mar 11, 2016","794.08","788.25","795.23","788.25","115.40M","1.18%"
"Mar 10, 2016","784.84","788.41","793.91","779.95","141.02M","-0.17%"
"Mar 09, 2016","786.21","782.86","788.77","782.86","148.67M","0.69%"
"Mar 08, 2016","780.82","782.52","784.20","776.97","160.77M","-0.29%"
"Mar 07, 2016","783.08","773.66","787.23","773.66","171.67M","1.35%"
"Mar 04, 2016","772.63","769.56","776.38","769.56","193.75M","0.58%"
"Mar 03, 2016","768.14","765.46","770.91","762.96","158.05M","0.69%"
"Mar 02, 2016","762.90","762.78","765.09","753.35","140.55M","0.05%"
"Mar 01, 2016","762.53","756.83","763.73","756.83","130.55M","0.96%"
"Feb 29, 2016","755.27","752.91","758.72","750.10","150.12M","0.44%"
"Feb 26, 2016","751.93","753.12","759.47","750.61","140.03M","0.39%"
"Feb 25, 2016","748.98","747.07","748.98","741.56","135.07M","0.15%"
"Feb 24, 2016","747.86","748.12","749.05","732.56","178.42M","-0.38%"
"Feb 23, 2016","750.69","756.74","763.16","748.49","135.29M","-0.50%"
"Feb 22, 2016","754.45","758.04","763.41","754.15","169.51M","0.12%"
"Feb 19, 2016","753.54","756.72","756.72","749.14","136.01M","-1.06%"
"Feb 18, 2016","761.59","760.05","762.29","755.57","167.09M","0.50%"
"Feb 17, 2016","757.82","745.31","758.69","744.60","176.29M","2.45%"
"Feb 16, 2016","739.68","732.15","740.18","728.00","138.29M","1.40%"
"Feb 12, 2016","729.46","713.36","729.56","713.36","133.02M","2.68%"
"Feb 11, 2016","710.42","715.25","715.25","703.80","188.24M","-0.91%"
"Feb 10, 2016","716.97","725.44","730.14","716.03","146.90M","-0.94%"
"Feb 09, 2016","723.80","732.96","732.96","716.85","164.78M","-2.03%"
"Feb 08, 2016","738.81","747.35","747.35","735.61","149.96M","-1.76%"
"Feb 05, 2016","752.04","751.56","752.63","745.95","130.82M","-0.02%"
"Feb 04, 2016","752.18","740.88","755.63","740.88","164.04M","1.62%"
"Feb 03, 2016","740.22","734.44","741.77","723.80","125.08M","1.16%"
"Feb 02, 2016","731.70","743.65","743.65","728.14","106.99M","-1.86%"
"Feb 01, 2016","745.53","751.29","751.29","739.74","102.34M","-1.23%"
"Jan 29, 2016","754.85","743.96","754.85","740.70","157.37M","1.83%"
"Jan 28, 2016","741.32","730.07","742.77","729.34","155.51M","1.91%"
"Jan 27, 2016","727.40","722.85","736.21","719.13","145.30M","0.45%"
"Jan 26, 2016","724.15","716.13","726.92","714.98","119.19M","1.52%"
"Jan 25, 2016","713.28","727.01","727.01","712.46","121.29M","-2.00%"
"Jan 22, 2016","727.80","715.61","727.80","715.61","154.80M","2.97%"
"Jan 21, 2016","706.83","694.57","708.77","691.11","159.26M","1.70%"
"Jan 20, 2016","695.03","700.26","701.01","677.78","185.09M","-1.63%"
"Jan 19, 2016","706.58","707.51","712.91","699.71","145.75M","0.41%"
"Jan 18, 2016","703.69","706.58","708.16","701.82","51.34M","-0.77%"
"Jan 15, 2016","709.12","716.86","716.86","702.24","157.33M","-2.34%"
"Jan 14, 2016","726.10","715.72","727.94","710.02","134.94M","1.52%"
"Jan 13, 2016","715.21","731.25","735.17","713.28","142.15M","-1.78%"
"Jan 12, 2016","728.17","725.94","731.66","717.63","124.62M","0.65%"
"Jan 11, 2016","723.44","731.00","732.28","718.23","103.89M","-0.88%"
"Jan 08, 2016","729.86","732.52","735.80","728.99","102.55M","-0.07%"
"Jan 07, 2016","730.36","740.93","740.93","729.70","145.62M","-2.14%"
"Jan 06, 2016","746.31","754.14","754.14","744.81","118.51M","-1.54%"
"Jan 05, 2016","758.00","758.36","759.74","752.50","87.87M","-0.05%"
"Jan 04, 2016","758.36","758.27","758.51","748.00","95.98M","-0.81%"
"Dec 31, 2015","764.54","768.72","770.05","763.02","60.78M","-1.16%"
"Dec 30, 2015","773.50","778.93","779.50","772.06","48.19M","-0.81%"
"Dec 29, 2015","779.82","781.75","783.91","776.66","58.05M","-0.55%"
"Dec 24, 2015","784.16","783.28","787.07","783.27","36.44M","0.14%"
"Dec 23, 2015","783.07","774.83","783.07","774.10","102.75M","1.55%"
"Dec 22, 2015","771.08","767.82","772.55","761.95","86.31M","0.40%"
"Dec 21, 2015","767.97","769.18","774.89","764.48","101.19M","0.10%"
"Dec 18, 2015","767.24","764.74","770.37","764.45","281.68M","-0.00%"
"Dec 17, 2015","767.25","777.45","777.69","764.88","144.25M","-1.42%"
"Dec 16, 2015","778.34","766.81","779.60","766.81","141.77M","1.94%"
"Dec 15, 2015","763.55","755.54","764.52","755.54","112.01M","1.87%"
"Dec 14, 2015","749.53","752.42","754.49","744.37","129.37M","-0.48%"
"Dec 11, 2015","753.11","763.30","763.30","751.88","107.32M","-1.78%"
"Dec 10, 2015","766.76","762.07","772.01","760.42","111.75M","0.52%"
"Dec 09, 2015","762.80","761.06","774.18","759.14","108.30M","0.26%"
"Dec 08, 2015","760.81","764.30","766.34","758.23","106.67M","-1.01%"
"Dec 07, 2015","768.54","784.43","784.43","767.22","105.93M","-2.31%"
"Dec 04, 2015","786.74","783.21","788.14","781.11","95.34M","0.30%"
"Dec 03, 2015","784.38","796.17","796.98","781.54","96.55M","-1.08%"
"Dec 02, 2015","792.93","802.30","803.11","791.37","100.94M","-1.25%"
"Dec 01, 2015","802.96","793.03","804.33","792.39","109.84M","1.41%"
"Nov 30, 2015","791.80","785.90","793.67","785.90","121.85M","0.93%"
"Nov 27, 2015","784.52","787.71","789.08","783.99","54.21M","-0.52%"
"Nov 26, 2015","788.64","787.76","790.49","786.92","31.13M","0.19%"
"Nov 25, 2015","787.12","788.25","792.33","785.62","99.46M","-0.07%"
"Nov 24, 2015","787.64","785.40","791.40","784.65","112.59M","0.14%"
"Nov 23, 2015","786.53","789.61","795.29","785.83","73.95M","-0.52%"
"Nov 20, 2015","790.68","794.96","795.26","789.57","100.70M","-0.25%"
"Nov 19, 2015","792.68","787.20","793.02","786.31","103.26M","0.72%"
"Nov 18, 2015","787.00","781.68","788.57","781.68","95.01M","0.98%"
"Nov 17, 2015","779.40","781.88","785.40","777.45","87.05M","-0.24%"
"Nov 16, 2015","781.26","767.17","781.26","766.86","91.07M","1.89%"
"Nov 13, 2015","766.76","769.14","771.83","764.80","90.90M","-0.50%"
"Nov 12, 2015","770.61","781.77","781.77","770.10","126.68M","-1.64%"
"Nov 11, 2015","783.43","788.01","788.57","781.65","81.83M","-0.47%"
"Nov 10, 2015","787.10","789.15","789.15","781.89","83.96M","-0.47%"
"Nov 09, 2015","790.83","795.48","795.48","783.92","91.19M","-0.55%"
"Nov 06, 2015","795.18","795.54","797.53","790.36","99.77M","0.03%"
"Nov 05, 2015","794.97","801.74","803.09","793.64","114.20M","-0.99%"
"Nov 04, 2015","802.92","806.91","810.12","801.62","117.72M","-0.25%"
"Nov 03, 2015","804.91","801.75","806.80","798.90","98.08M","0.56%"
"Nov 02, 2015","800.44","794.95","801.20","793.59","86.90M","0.75%"